1,Nataniel,Merali,1/15/2004,M,Donald,91539,+86 304 341 9507,nmerali0@unblog.fr,99
2,Tuckie,Rowat,7/5/2004,M,Almo,75635,+62 784 693 9233,trowat1@house.gov,59
3,Hiram,Bickley,1/10/2005,M,Reindahl,58129,+7 803 547 8745,hbickley2@imgur.com,27
4,Darrin,Murrish,11/25/2005,M,Mockingbird,41983,+267 395 687 9708,dmurrish3@cdc.gov,28
5,Bourke,Sayes,3/30/2001,M,Veith,58357,+63 117 245 6858,bsayes4@flavors.me,20
6,Kristine,Ferschke,12/5/2000,F,Dahle,61220,+62 112 592 1102,kferschke5@toplist.cz,89
7,Dudley,Sills,10/6/2002,M,Melrose,86393,+62 666 819 3569,dsills6@un.org,51
8,Lucinda,Bartoletti,12/27/2002,F,Northport,93022,+374 679 915 2429,lbartoletti7@livejournal.com,54
9,Modestia,Bourcq,5/29/2002,F,Acker,18374,+86 895 807 3982,mbourcq8@nature.com,55
10,Law,Wilmott,8/4/2003,M,Sherman,53772,+381 221 678 8919,lwilmott9@indiatimes.com,10
11,Kerwinn,Collison,10/19/1999,M,Village Green,21867,+86 411 112 9001,kcollisona@trellian.com,22
12,Eddie,Vannuchi,4/21/2002,F,Portage,22292,+7 636 574 3032,evannuchib@howstuffworks.com,31
13,Hagen,Huller,5/20/1999,M,David,91868,+7 126 779 2548,hhullerc@blogspot.com,81
14,Blake,Stiffkins,10/1/2003,F,Debra,68213,+86 332 764 8123,bstiffkinsd@joomla.org,10
15,Brina,Binder,5/23/2001,F,Tony,42329,+86 976 801 8907,bbindere@hhs.gov,64
16,Boyd,Daughtry,4/6/2003,M,Gerald,79695,+86 816 556 8188,bdaughtryf@example.com,46
17,Sharl,Dumelow,4/19/2002,F,Mccormick,74037,+380 679 700 5578,sdumelowg@newsvine.com,47
18,Susannah,Daughton,11/29/2003,F,Mifflin,65012,+62 993 127 4087,sdaughtonh@twitpic.com,27
19,Philip,Hamson,6/7/2001,M,High Crossing,62491,+86 178 989 1571,phamsoni@shutterfly.com,93
20,Trenton,Sheara,7/17/1999,M,Namekagon,94451,+7 324 171 5565,tshearaj@digg.com,17
21,Phillip,Beidebeke,4/2/1999,M,Duke,47983,+63 965 368 4980,pbeidebekek@fda.gov,64
22,Nicolea,Wolffers,12/22/2003,F,Mcbride,18028,+62 920 843 7315,nwolffersl@wordpress.org,49
23,Elinore,De Castri,1/5/2001,F,Randy,60245,+63 933 430 9999,edecastrim@uol.com.br,55
24,Alonzo,Ladell,9/6/2000,M,Stang,64582,+57 822 239 2632,aladelln@usatoday.com,3
25,Zora,Bridgland,11/7/2001,F,Maywood,38138,+1 321 359 9688,zbridglando@wordpress.com,46
26,Fleming,Lamond,11/4/1999,M,Beilfuss,92668,+31 134 893 7333,flamondp@php.net,81
27,Sydel,Bestar,11/17/2002,F,Meadow Ridge,39581,+54 914 832 4035,sbestarq@slate.com,67
28,Brandi,Pye,7/21/2002,F,Calypso,68093,+7 671 652 4731,bpyer@rambler.ru,83
29,Ailbert,Bednall,12/28/1999,M,Kingsford,67079,+1 312 881 1415,abednalls@mlb.com,55
30,Cornela,Gary,2/1/2004,F,Debs,84857,+54 878 598 2574,cgaryt@feedburner.com,70
31,Geralda,Eddowis,8/31/2004,F,Dovetail,96822,+7 325 773 1613,geddowisu@networksolutions.com,49
32,Goddart,Collelton,6/19/2001,M,Ramsey,21491,+86 797 944 2000,gcolleltonv@tamu.edu,26
33,Alberto,Kennsley,11/18/2003,M,Weeping Birch,84062,+86 360 421 3193,akennsleyw@nationalgeographic.com,2
34,Vitoria,Bagot,2/7/2005,F,Eliot,20985,+7 192 391 4238,vbagotx@geocities.jp,43
35,Philippe,Melior,9/9/2000,F,Corscot,67107,+86 956 637 7163,pmeliory@springer.com,71
36,Ingrid,Murfett,12/8/1999,F,Barby,54001,+86 147 754 3336,imurfettz@hatena.ne.jp,30
37,Lauren,Anstead,2/8/2002,M,Glacier Hill,44003,+420 434 338 6775,lanstead10@gizmodo.com,29
38,Salvidor,Dicey,6/21/2001,M,Meadow Ridge,52281,+351 655 519 3897,sdicey11@mozilla.org,53
39,Neale,Tax,12/24/2000,M,Gateway,68841,+86 597 616 6212,ntax12@rambler.ru,42
40,Vallie,Conley,12/6/2005,F,East,17293,+7 183 968 3696,vconley13@wix.com,36
41,Ginger,Junes,4/6/2003,M,Gateway,72065,+55 324 330 3047,gjunes14@spiegel.de,33
42,Mela,Gillfillan,7/5/1999,F,Graedel,34127,+55 812 417 3315,mgillfillan15@hatena.ne.jp,53
43,Prentiss,Pail,6/13/2002,M,Artisan,57697,+46 681 501 8881,ppail16@time.com,97
44,Karalynn,Sayes,2/19/1999,F,Fordem,52166,+51 814 630 6983,ksayes17@adobe.com,3
45,Rudolf,Crum,4/7/2005,M,Washington,69268,+967 944 310 1966,rcrum18@princeton.edu,21
46,Selia,Dykas,12/11/2004,F,Kinsman,32456,+30 367 558 4262,sdykas19@who.int,47
47,Tomas,Iacovone,9/22/2005,M,Elmside,63893,+86 550 484 1444,tiacovone1a@networkadvertising.org,30
48,Elle,Seabright,2/9/2000,F,Roth,80166,+380 338 611 3548,eseabright1b@theglobeandmail.com,41
49,Julius,Clamp,11/14/2001,M,Glendale,83720,+54 885 101 6457,jclamp1c@qq.com,68
50,Jacob,Copner,12/17/2003,M,Fordem,19912,+261 155 728 7975,jcopner1d@independent.co.uk,10
51,Brittne,Ferraraccio,4/7/2000,F,Continental,79836,+1 264 335 5741,bferraraccio1e@rediff.com,26
52,Lainey,Cornil,11/14/1999,F,Elgar,64334,+62 353 549 9987,lcornil1f@comcast.net,93
53,Maura,Goodridge,3/28/2000,F,Prentice,15692,+20 280 892 4388,mgoodridge1g@yellowpages.com,93
54,Finlay,Penvarne,9/21/2001,M,East,22321,+502 480 406 2404,fpenvarne1h@webmd.com,83
55,Jacky,Landrean,9/18/2003,F,New Castle,61074,+7 123 548 0892,jlandrean1i@jigsy.com,52
56,Wash,Nelson,3/3/2000,M,Loomis,49577,+86 745 462 2935,wnelson1j@narod.ru,60
57,Bettine,Kerner,2/4/2005,F,Garrison,20056,+62 806 871 2425,bkerner1k@dot.gov,26
58,Janna,Ortner,7/14/1999,F,Westend,53956,+62 851 684 1515,jortner1l@livejournal.com,26
59,Tobiah,Akett,2/26/2001,M,Hollow Ridge,79744,+86 111 725 6122,takett1m@hc360.com,6
60,Flory,Pevsner,12/4/2003,M,Chive,61561,+81 540 266 7487,fpevsner1n@fc2.com,93
61,Fredra,Edowes,8/23/2003,F,Oneill,46860,+1 619 370 6727,fedowes1o@reuters.com,19
62,Gwenore,Guenther,10/13/2005,F,Lyons,20053,+351 668 870 1936,gguenther1p@t.co,2
63,Kaile,Segrave,7/24/2001,F,Harper,21106,+1 374 349 6715,ksegrave1q@dedecms.com,73
64,Wyn,Lamcken,1/14/1999,M,Nelson,82926,+66 643 634 6202,wlamcken1r@oracle.com,18
65,Kay,MacAllaster,1/18/2004,F,Schmedeman,31555,+86 221 517 4952,kmacallaster1s@phpbb.com,43
66,Sally,Larret,11/30/2003,F,Morning,11114,+62 863 205 1225,slarret1t@biblegateway.com,37
67,Sharia,Shear,9/6/2005,F,Buhler,62967,+86 821 523 6707,sshear1u@ft.com,73
68,Link,Ezele,8/20/2002,M,Dwight,73107,+31 968 136 5096,lezele1v@blinklist.com,72
69,Wood,Bellringer,7/27/1999,M,Annamark,27056,+63 437 726 3920,wbellringer1w@bloglines.com,60
70,Jean,Dunridge,12/8/1999,M,Calypso,81416,+57 461 639 4489,jdunridge1x@jalbum.net,20
71,Karlens,McLanachan,6/25/2005,M,Huxley,53234,+86 250 354 1435,kmclanachan1y@blogs.com,66
72,Umeko,Waycot,10/12/2000,F,Barnett,78731,+381 140 349 7420,uwaycot1z@soundcloud.com,27
73,Rebe,Whereat,1/4/2002,F,Elmside,56833,+7 882 597 1641,rwhereat20@alexa.com,70
74,Rosetta,Grizard,1/20/2003,F,Shelley,67897,+86 356 528 7223,rgrizard21@reddit.com,10
75,Perry,Pietroni,2/17/2001,M,Clyde Gallagher,82960,+48 354 702 6459,ppietroni22@unc.edu,55
76,Denis,Loveday,5/12/2004,M,Miller,95542,+7 678 368 2879,dloveday23@elpais.com,19
77,Zacharie,Hateley,6/16/2002,M,Parkside,64786,+33 269 998 5907,zhateley24@google.com.au,63
78,Aidan,Messent,12/31/2000,F,Monument,35122,+975 146 426 2139,amessent25@biglobe.ne.jp,14
79,Evanne,Struttman,5/25/2001,F,Bay,20552,+1 940 680 4706,estruttman26@bbb.org,28
80,Guthry,Franck,7/9/2000,M,Hayes,25118,+234 166 396 9238,gfranck27@shutterfly.com,91
81,Freda,Falkinder,8/9/2003,F,Arkansas,61528,+62 433 761 7764,ffalkinder28@businessweek.com,30
82,Cherise,Paris,10/16/2001,F,Bultman,49369,+351 595 296 8832,cparis29@auda.org.au,39
83,Anna-maria,Cansdill,5/4/2004,F,Northridge,60173,+63 958 288 6681,acansdill2a@feedburner.com,91
84,Art,Krause,11/23/2002,M,Granby,49721,+84 358 156 3944,akrause2b@reference.com,21
85,Amalia,Lucus,1/17/2001,F,Glendale,73138,+62 693 274 4526,alucus2c@ox.ac.uk,55
86,Chariot,Farndon,12/1/1999,M,Comanche,53136,+880 983 937 4218,cfarndon2d@comsenz.com,74
87,Solomon,Markos,2/27/2000,M,Clove,26811,+7 950 153 4920,smarkos2e@posterous.com,19
88,Martina,Karpmann,2/14/2005,F,Crest Line,96380,+62 215 520 0812,mkarpmann2f@comcast.net,40
89,Manda,Macura,7/9/2002,F,Kenwood,82122,+351 951 330 9080,mmacura2g@smh.com.au,86
90,Heidi,Oldman,4/10/2003,F,Grayhawk,80014,+380 992 246 7225,holdman2h@behance.net,19
91,Kristo,Leif,7/4/2001,M,Shopko,18398,+351 454 639 3839,kleif2i@boston.com,34
92,Lethia,Jiru,4/28/1999,F,Mifflin,86714,+81 307 338 0556,ljiru2j@hc360.com,54
93,Keene,Brearley,3/11/1999,M,Hanson,25181,+254 612 199 3846,kbrearley2k@cornell.edu,72
94,Dallas,Garahan,9/14/2000,M,Carioca,22068,+381 341 775 3796,dgarahan2l@bbc.co.uk,4
95,Sharlene,Claige,11/25/2003,F,Oakridge,88707,+57 893 103 2485,sclaige2m@earthlink.net,42
96,Constantia,Musker,6/18/2004,F,Summerview,33520,+31 375 125 4441,cmusker2n@acquirethisname.com,88
97,Clemens,Stenner,1/22/2001,M,Shasta,95197,+62 390 448 7083,cstenner2o@mediafire.com,34
98,Madonna,Turville,11/19/2005,F,Vera,31784,+86 826 749 9867,mturville2p@accuweather.com,3
99,Hillel,Huffy,7/26/2000,M,Browning,28751,+7 588 227 8311,hhuffy2q@oracle.com,33
100,Tiffie,Adao,6/3/2003,F,Mandrake,51071,+504 677 991 3458,tadao2r@tamu.edu,47
101,Morten,Greeding,4/11/2001,M,Grasskamp,85910,+420 712 782 5210,mgreeding2s@cnn.com,83
102,Josie,Buchan,7/6/2003,F,Stoughton,14025,+351 997 716 4263,jbuchan2t@technorati.com,54
103,Cross,Jowers,7/15/1999,M,Harper,12652,+62 254 144 2239,cjowers2u@woothemes.com,45
104,Ashlee,Struttman,7/4/2005,F,Calypso,67026,+351 601 982 9508,astruttman2v@nasa.gov,53
105,Cecilia,Cleeves,6/17/2005,F,Park Meadow,76593,+44 567 909 8016,ccleeves2w@ebay.com,30
106,Raviv,Heymann,8/18/2004,M,Lawn,22132,+7 714 252 1355,rheymann2x@ifeng.com,26
107,Bjorn,Fulcher,4/17/2001,M,Dunning,92512,+1 205 526 9702,bfulcher2y@bloomberg.com,68
108,Duffie,Horsted,6/2/1999,M,Lien,64329,+233 468 918 4704,dhorsted2z@google.es,9
109,Channa,Gorrick,8/24/2004,F,Kensington,46285,+1 724 316 1457,cgorrick30@csmonitor.com,37
110,Linnet,Almeida,11/7/1999,F,Delladonna,64754,+381 845 974 7541,lalmeida31@diigo.com,93
111,Lesli,Boulding,8/18/1999,F,Trailsway,27385,+62 538 465 1571,lboulding32@ovh.net,81
112,Gabriella,Gianullo,8/11/2004,F,Jay,36395,+86 441 746 0088,ggianullo33@sitemeter.com,32
113,Ingelbert,Vials,6/15/2004,M,Parkside,20516,+86 616 689 6236,ivials34@telegraph.co.uk,84
114,Man,Suddaby,9/18/2003,M,Memorial,79326,+62 791 904 1726,msuddaby35@mlb.com,23
115,Adan,Greenside,8/21/2001,M,Melody,53449,+86 665 399 3529,agreenside36@amazon.de,15
116,Kerry,Lepick,1/29/2004,F,Independence,18658,+7 774 793 5055,klepick37@cam.ac.uk,73
117,Danny,Lishmund,11/12/2000,M,1st,30273,+62 959 384 3754,dlishmund38@guardian.co.uk,19
118,Elysee,Appleyard,9/21/2005,F,American,11864,+84 779 826 2074,eappleyard39@indiatimes.com,2
119,Kaiser,Pozzo,6/28/1999,M,Iowa,36205,+62 629 433 4717,kpozzo3a@list-manage.com,93
120,Thornton,Brough,10/26/2001,M,Dorton,91321,+385 635 659 0592,tbrough3b@bravesites.com,76
121,Tomaso,Ells,6/15/2002,M,1st,62558,+385 513 101 2884,tells3c@flickr.com,22
122,Al,Ryle,10/13/2002,M,Johnson,38476,+1 426 937 1458,aryle3d@stumbleupon.com,69
123,Haydon,Patchett,12/2/2000,M,Farragut,28000,+86 880 527 3885,hpatchett3e@princeton.edu,66
124,Clerkclaude,Tissington,9/10/2003,M,Sherman,68374,+358 383 961 4388,ctissington3f@joomla.org,61
125,Becki,Krysztowczyk,2/9/2005,F,Birchwood,50274,+63 871 636 7151,bkrysztowczyk3g@php.net,74
126,Joe,Venour,12/29/2004,M,Green,99271,+62 678 654 9466,jvenour3h@merriam-webster.com,58
127,Giordano,Harbisher,10/13/2000,M,Rigney,53117,+81 104 163 3244,gharbisher3i@sphinn.com,38
128,Selby,Joysey,3/28/2000,M,David,70845,+63 532 774 4324,sjoysey3j@ibm.com,64
129,Juanita,Giacobillo,10/5/2001,F,Anzinger,30752,+55 805 542 4315,jgiacobillo3k@mashable.com,42
130,Giacinta,Fyldes,9/4/2004,F,Harper,79264,+86 925 908 5383,gfyldes3l@shutterfly.com,48
131,Ebba,Simpson,6/5/2004,F,Beilfuss,68493,+86 337 594 7029,esimpson3m@hostgator.com,88
132,Anna,McDuall,12/26/1999,F,Green,51506,+970 644 596 9172,amcduall3n@jiathis.com,19
133,Shaw,Pantin,9/15/2000,M,Mccormick,88607,+62 519 371 4162,spantin3o@seesaa.net,91
134,Terrance,Delahunty,1/22/2004,M,Upham,19960,+62 334 824 3929,tdelahunty3p@sciencedirect.com,11
135,Gerhard,Petzold,3/27/2002,M,Marcy,26975,+856 872 924 0569,gpetzold3q@cnbc.com,95
136,Trueman,Tiley,5/25/2005,M,Heath,20489,+53 738 715 7048,ttiley3r@acquirethisname.com,76
137,Robbin,Brodbin,10/14/1999,F,Nova,91441,+86 145 119 4290,rbrodbin3s@wikipedia.org,28
138,Paloma,Faughnan,5/9/2005,F,Coolidge,84591,+86 217 850 6822,pfaughnan3t@example.com,57
139,Irma,Anscombe,8/5/2005,F,Gina,98539,+58 484 153 3346,ianscombe3u@bandcamp.com,87
140,Bernardina,Wilkerson,6/5/2000,F,Clyde Gallagher,33554,+46 476 478 9742,bwilkerson3v@free.fr,92
141,Cory,Elflain,8/31/2004,M,Fair Oaks,35452,+66 973 485 9308,celflain3w@squarespace.com,39
142,Patin,Corby,2/10/2002,M,Comanche,44672,+51 114 101 3366,pcorby3x@netscape.com,70
143,Lorenzo,Oret,4/18/2003,M,Luster,14499,+261 922 811 3305,loret3y@webnode.com,24
144,Spike,Nicholes,7/9/2003,M,Summer Ridge,95164,+43 984 380 7397,snicholes3z@reference.com,3
145,Cristian,Leadstone,2/28/2004,M,Quincy,77666,+48 970 624 5587,cleadstone40@techcrunch.com,95
146,Beulah,Yockney,9/25/2002,F,Old Shore,45851,+351 281 523 6454,byockney41@java.com,92
147,Jimmy,Bunhill,6/8/2001,M,Gina,79303,+62 456 686 9334,jbunhill42@vinaora.com,67
148,Benson,Oxenham,6/15/2005,M,Holmberg,24535,+51 938 755 3837,boxenham43@quantcast.com,55
149,Fairleigh,Geldard,2/26/1999,M,Sullivan,49012,+41 657 659 1717,fgeldard44@disqus.com,14
150,Dari,Grimolbie,8/3/1999,F,Burning Wood,94414,+57 197 912 0108,dgrimolbie45@weather.com,35
151,Marcela,Crossman,1/25/2005,F,West,87514,+62 565 518 9929,mcrossman46@fema.gov,84
152,Perceval,Armor,11/9/2003,M,Sommers,64426,+86 818 699 4180,parmor47@weather.com,47
153,Tabbitha,Sempill,1/1/2005,F,Mcbride,27246,+48 366 132 5901,tsempill48@cdc.gov,38
154,Kora,Bollom,12/15/2000,F,Hoepker,53640,+82 363 879 2468,kbollom49@si.edu,15
155,Pammy,Dorkins,9/11/2005,F,Derek,69144,+86 191 604 4470,pdorkins4a@intel.com,8
156,Livvy,Coppen,12/27/1999,F,Sachtjen,52711,+86 482 128 4720,lcoppen4b@taobao.com,83
157,Jacky,Edmundson,9/5/2002,M,Gale,23764,+48 916 394 8545,jedmundson4c@blogtalkradio.com,90
158,Boycie,Sisland,1/10/2005,M,Clemons,21929,+52 200 281 1435,bsisland4d@cam.ac.uk,44
159,Lucien,Heinemann,6/15/2005,M,Surrey,22980,+225 390 316 3147,lheinemann4e@cafepress.com,32
160,Oliy,McElvine,11/11/2003,F,Manitowish,20942,+33 842 698 4378,omcelvine4f@imageshack.us,20
161,Cletus,Solano,2/4/2003,M,Fulton,73642,+358 227 556 4447,csolano4g@liveinternet.ru,100
162,Elden,Wyman,6/6/1999,M,Dapin,80649,+86 460 757 0752,ewyman4h@edublogs.org,16
163,Parsifal,Yakebovich,10/17/2005,M,Anthes,13167,+47 980 600 5383,pyakebovich4i@yolasite.com,34
164,Ester,Geldard,12/30/2000,F,Union,32326,+420 824 692 5303,egeldard4j@cisco.com,75
165,Myrtle,Rockell,11/14/2000,F,Russell,89130,+62 798 835 2850,mrockell4k@deliciousdays.com,61
166,Roxana,Ronaghan,5/20/2000,F,Melody,13711,+48 155 198 6128,rronaghan4l@seattletimes.com,33
167,Fae,Milan,4/15/2002,F,Packers,98031,+62 924 488 6762,fmilan4m@nasa.gov,97
168,Gearard,Farnworth,7/22/2005,M,Blue Bill Park,37339,+358 542 315 9640,gfarnworth4n@furl.net,53
169,Kent,Shambrook,12/9/1999,M,Nobel,49623,+86 795 593 7874,kshambrook4o@twitter.com,79
170,Saxe,Cianelli,6/24/2003,M,Fallview,20411,+63 616 415 7894,scianelli4p@mail.ru,48
171,Aubine,Callard,10/21/2002,F,Thierer,85998,+62 923 947 7418,acallard4q@twitpic.com,28
172,Jayme,Giddins,12/19/2000,F,Dryden,75533,+682 799 264 9328,jgiddins4r@ebay.co.uk,92
173,Britta,Conklin,4/30/2001,F,Everett,43977,+52 525 308 3075,bconklin4s@homestead.com,52
174,Rebekkah,Gear,8/31/1999,F,Iowa,33314,+98 757 446 2582,rgear4t@economist.com,42
175,Skell,Pre,2/28/2001,M,Spenser,63901,+55 132 984 0890,spre4u@samsung.com,79
176,Tiff,Sneden,12/14/2002,F,Westridge,99542,+86 717 355 8750,tsneden4v@trellian.com,38
177,Blondelle,Dourin,4/9/2005,F,Emmet,25898,+62 686 621 8514,bdourin4w@wix.com,82
178,Portie,Hindge,1/18/2003,M,Kim,25954,+86 277 484 1670,phindge4x@hao123.com,49
179,Mickie,Kearney,5/17/2001,F,Ramsey,14373,+230 314 314 4247,mkearney4y@yelp.com,2
180,Emmi,Hansom,6/15/2003,F,Milwaukee,60544,+84 994 915 3184,ehansom4z@about.me,53
181,Nappie,Kingsnoad,11/29/2003,M,Carey,66050,+62 798 298 3905,nkingsnoad50@liveinternet.ru,28
182,Zandra,Van der Beken,6/7/2005,F,Larry,50085,+58 343 494 8482,zvanderbeken51@dailymail.co.uk,19
183,Berget,Coenraets,7/4/2002,F,School,24868,+590 467 127 5299,bcoenraets52@businesswire.com,19
184,Vinny,Boam,6/13/2001,M,Utah,24785,+62 445 112 7756,vboam53@cbsnews.com,21
185,Lavinia,Habbal,6/19/2005,F,Marquette,30953,+7 549 580 2494,lhabbal54@youtube.com,65
186,Jean,Bulfield,8/30/2001,F,Roxbury,63795,+232 427 280 8926,jbulfield55@weather.com,9
187,Esmeralda,OLunney,10/24/2001,F,Sugar,12373,+420 302 713 2359,eolunney56@t-online.de,40
188,Callida,Presswell,6/11/2002,F,Gulseth,51756,+63 393 137 6829,cpresswell57@multiply.com,94
189,Stillmann,Havvock,10/13/2005,M,Fieldstone,43243,+253 976 517 3759,shavvock58@plala.or.jp,42
190,Chicky,Hansill,4/13/2005,M,New Castle,60803,+62 696 356 9932,chansill59@skype.com,27
191,Ferd,Wakeley,5/8/2002,M,Fulton,97402,+62 392 384 3771,fwakeley5a@acquirethisname.com,23
192,Tyler,Cobon,5/13/2002,M,Myrtle,71069,+506 108 400 4138,tcobon5b@bloglines.com,34
193,Johna,Mallen,6/15/2003,F,Graceland,98111,+51 482 609 5001,jmallen5c@opensource.org,79
194,Sibbie,Janous,5/20/2003,F,Dryden,12117,+86 670 153 7444,sjanous5d@vinaora.com,9
195,Georgi,Warkup,10/19/2001,M,Spenser,69788,+33 192 328 5539,gwarkup5e@pcworld.com,89
196,Emelina,Litchmore,6/12/1999,F,Sunnyside,15262,+48 244 217 2660,elitchmore5f@mediafire.com,42
197,Chickie,Copson,11/11/2002,F,Melvin,15055,+62 465 440 1818,ccopson5g@vistaprint.com,21
198,Rita,Piddlehinton,8/13/1999,F,Corben,10519,+66 207 923 7828,rpiddlehinton5h@rediff.com,41
199,Arnoldo,Ludford,7/6/2001,M,Dottie,80818,+46 670 602 7742,aludford5i@ebay.co.uk,73
200,Dix,Valasek,10/5/1999,F,Luster,50867,+387 431 866 2763,dvalasek5j@clickbank.net,12
201,Lynette,Sucre,8/18/2001,F,Mayer,30373,+86 556 187 5833,lsucre5k@yale.edu,19
202,Benito,Grimwad,3/18/1999,M,Namekagon,73548,+967 363 653 8088,bgrimwad5l@answers.com,26
203,Shelba,Tremmil,3/26/2003,F,Helena,34121,+1 981 859 5084,stremmil5m@aboutads.info,1
204,Nelly,Marrett,5/24/1999,F,East,24083,+33 487 818 9994,nmarrett5n@barnesandnoble.com,77
205,Tarah,Luxford,2/24/2004,F,Crownhardt,53164,+420 644 789 5498,tluxford5o@lulu.com,22
206,Roana,Thurman,12/10/2000,F,Nobel,77437,+86 608 577 4463,rthurman5p@ow.ly,62
207,Gabbie,Pitford,9/28/2005,F,Steensland,60566,+1 798 212 6418,gpitford5q@dyndns.org,79
208,Lambert,Tollett,3/1/1999,M,Warner,86294,+86 337 596 2046,ltollett5r@chron.com,69
209,Hayward,Quincey,9/22/1999,M,Fisk,21288,+86 264 308 9888,hquincey5s@toplist.cz,90
210,Dolph,MacIntyre,10/14/2003,M,La Follette,39916,+62 150 879 2462,dmacintyre5t@feedburner.com,6
211,Imelda,Gorries,11/20/2004,F,Brentwood,94326,+86 786 902 1813,igorries5u@springer.com,86
212,Urban,Olenichev,7/19/1999,M,Lukken,25403,+1 920 682 4476,uolenichev5v@imdb.com,56
213,Urbain,Como,4/29/2000,M,Oxford,50464,+62 175 166 2134,ucomo5w@ted.com,84
214,Jacklyn,McConnell,5/5/2001,F,Laurel,15439,+355 614 651 0818,jmcconnell5x@unc.edu,58
215,Dionisio,Nowakowska,12/21/2001,M,Mcguire,18029,+46 603 177 7005,dnowakowska5y@europa.eu,19
216,Jacob,Lomasny,5/29/2005,M,Pleasure,13235,+54 113 464 8629,jlomasny5z@nature.com,67
217,Alameda,Antoniat,5/1/2000,F,Marcy,61052,+1 360 146 3634,aantoniat60@deviantart.com,41
218,Klara,Mathy,1/30/2003,F,Holy Cross,96973,+55 881 333 8848,kmathy61@miitbeian.gov.cn,92
219,Gertie,Ishchenko,10/16/2004,F,Gerald,73771,+62 941 611 0444,gishchenko62@newyorker.com,98
220,Vina,Giff,4/22/2003,F,Golf Course,88760,+86 390 211 2664,vgiff63@fc2.com,61
221,Riki,Kimbling,9/18/2000,F,Veith,73408,+234 132 395 6567,rkimbling64@mayoclinic.com,50
222,Ulric,Ellul,1/16/2004,M,Cambridge,74129,+57 375 237 2545,uellul65@jigsy.com,13
223,Delly,Bollom,9/17/2001,F,Carberry,46809,+7 865 566 1359,dbollom66@networksolutions.com,28
224,Joceline,Colleer,8/12/2000,F,Hazelcrest,43298,+62 563 223 1716,jcolleer67@jugem.jp,57
225,Marlon,Fieldhouse,12/13/2004,M,International,43666,+63 318 967 5063,mfieldhouse68@senate.gov,98
226,Fabian,Coade,1/19/2002,M,Swallow,66064,+86 129 941 4146,fcoade69@forbes.com,16
227,Torrie,Pauncefoot,1/28/2003,F,Stone Corner,62534,+351 774 484 8532,tpauncefoot6a@patch.com,22
228,Yvor,Cruise,8/22/2001,M,Lerdahl,84804,+385 711 982 7157,ycruise6b@usda.gov,40
229,Reinaldos,Batters,7/10/1999,M,Truax,48410,+353 686 742 5227,rbatters6c@mit.edu,3
230,Stacy,Owenson,1/1/1999,M,Comanche,24530,+62 198 675 1100,sowenson6d@answers.com,24
231,Tressa,McGlew,3/23/2000,F,Steensland,60044,+55 929 181 9198,tmcglew6e@rakuten.co.jp,21
232,Slade,Friar,8/14/2005,M,Reindahl,32904,+48 217 170 3722,sfriar6f@nationalgeographic.com,30
233,Ediva,De Benedetti,9/28/2004,F,Lotheville,94798,+86 187 331 2591,edebenedetti6g@google.cn,9
234,Noland,Coult,5/2/2003,M,Grover,29838,+33 275 703 8724,ncoult6h@gravatar.com,57
235,Garfield,Jankovic,3/11/2000,M,Evergreen,87280,+351 308 573 5638,gjankovic6i@naver.com,49
236,Mason,Tumpane,6/27/2003,M,Little Fleur,37969,+1 891 679 7846,mtumpane6j@usgs.gov,76
237,Ellissa,Faulkes,8/14/2005,F,Spenser,25417,+86 412 179 9926,efaulkes6k@tinyurl.com,31
238,Sib,Pele,8/27/2000,F,Carberry,80732,+355 980 498 7635,spele6l@google.de,24
239,Mala,Gregh,10/26/2003,F,Susan,69947,+48 176 792 1445,mgregh6m@hostgator.com,13
240,Keeley,McInnerny,12/30/2004,F,Jenifer,76713,+62 237 647 1045,kmcinnerny6n@spiegel.de,95
241,Devonne,Wight,10/8/2004,F,Ryan,93196,+62 587 549 0841,dwight6o@theguardian.com,67
242,Herb,Carncross,4/14/2002,M,4th,23232,+57 341 147 4765,hcarncross6p@usatoday.com,9
243,Sibley,Houston,6/24/1999,F,Portage,11092,+55 738 537 1135,shouston6q@psu.edu,85
244,Harwilll,Braban,9/17/2003,M,Marquette,21348,+86 582 469 5476,hbraban6r@google.nl,98
245,Axel,Stailey,1/18/2005,M,Maple Wood,63731,+249 101 701 0254,astailey6s@patch.com,18
246,Hadrian,Audas,12/6/2001,M,Doe Crossing,77803,+62 825 944 0254,haudas6t@webeden.co.uk,31
247,Eddie,Gentery,8/7/1999,M,Clyde Gallagher,75166,+86 622 276 1280,egentery6u@wp.com,14
248,Lebbie,Bettenson,8/31/2001,F,Burrows,61956,+1 603 914 2177,lbettenson6v@opera.com,94
249,Ricki,Fearnsides,5/14/2005,F,Meadow Vale,24508,+371 891 575 2620,rfearnsides6w@ocn.ne.jp,50
250,Lukas,Foldes,9/6/1999,M,Mccormick,66561,+92 449 377 0982,lfoldes6x@desdev.cn,40
251,Isabelle,Gammons,9/9/2004,F,Glacier Hill,31314,+86 239 566 0689,igammons6y@loc.gov,14
252,Filbert,Novello,5/27/2005,M,Warrior,88694,+86 947 717 5766,fnovello6z@homestead.com,91
253,Johna,Faire,10/12/2002,F,Merchant,85481,+591 741 704 8070,jfaire70@moonfruit.com,4
254,Eustace,Sissons,10/2/2002,M,Caliangt,80148,+48 490 493 0123,esissons71@clickbank.net,88
255,Silvana,Shinefield,11/3/2002,F,Harper,91300,+63 725 514 7131,sshinefield72@google.de,51
256,Sterling,Pettegre,3/5/1999,M,Hayes,90519,+54 860 885 6382,spettegre73@microsoft.com,79
257,Waylin,Loisi,10/8/2004,M,Transport,23130,+351 861 707 7307,wloisi74@goodreads.com,90
258,Mirella,Swindlehurst,2/22/2005,F,North,28934,+33 294 107 7223,mswindlehurst75@hp.com,26
259,Baxter,Fluger,3/15/2003,M,Valley Edge,89769,+52 820 579 2836,bfluger76@t.co,90
260,Ianthe,Whal,8/16/2001,F,Myrtle,36529,+1 760 469 8257,iwhal77@washingtonpost.com,3
261,Darbee,Bainbrigge,5/27/2005,M,Sommers,42332,+234 526 606 0400,dbainbrigge78@google.ru,98
262,Huberto,Maides,6/15/2005,M,3rd,96907,+86 870 439 5784,hmaides79@marriott.com,23
263,Nolie,Sewart,3/26/2004,F,Scott,80434,+55 439 803 4263,nsewart7a@google.co.jp,18
264,Quincey,Waliszewski,7/13/2004,M,Armistice,46730,+62 521 270 4849,qwaliszewski7b@networksolutions.com,47
265,Edwina,Sambeck,5/19/2001,F,Granby,48043,+353 740 260 3051,esambeck7c@latimes.com,81
266,Ivette,Glison,9/4/2003,F,Carberry,55497,+48 678 271 8966,iglison7d@imageshack.us,45
267,Kassey,Wickey,3/22/1999,F,Village Green,25437,+46 204 703 1380,kwickey7e@sitemeter.com,15
268,Iggie,Cullrford,11/7/2000,M,Aberg,36321,+86 122 312 1729,icullrford7f@china.com.cn,11
269,Beauregard,Eivers,2/4/1999,M,Messerschmidt,75038,+98 275 548 5781,beivers7g@nyu.edu,50
270,Ingar,Argente,3/20/2004,M,Hovde,82520,+63 587 969 7086,iargente7h@slideshare.net,64
271,Heall,Mulqueeny,1/26/2005,M,Esch,70848,+351 764 304 6935,hmulqueeny7i@aboutads.info,85
272,Elijah,Norbury,1/4/2001,M,Blue Bill Park,85106,+1 314 260 7099,enorbury7j@princeton.edu,83
273,Lloyd,Petrovsky,2/18/2001,M,Transport,16430,+62 981 566 0651,lpetrovsky7k@go.com,85
274,Davide,Janoch,7/12/2002,M,Northridge,51933,+63 632 328 6003,djanoch7l@last.fm,92
275,Kira,Celand,10/15/2003,F,East,33473,+33 154 733 1911,kceland7m@is.gd,79
276,Jocelyn,Yanyshev,6/2/2005,F,Buhler,56548,+381 365 836 3369,jyanyshev7n@squidoo.com,32
277,Adelle,Peile,12/3/1999,F,Westridge,60863,+351 691 722 0204,apeile7o@linkedin.com,78
278,Talbot,Tunnow,5/10/2000,M,Farmco,53583,+48 660 388 2087,ttunnow7p@examiner.com,96
279,Curry,Piper,3/28/1999,M,Cascade,63714,+81 316 777 4624,cpiper7q@ted.com,7
280,Codi,Willingham,1/11/2005,M,Schiller,30424,+55 645 289 3646,cwillingham7r@washingtonpost.com,29
281,Linn,Yurygyn,2/19/1999,M,Barby,81393,+86 454 299 9589,lyurygyn7s@mayoclinic.com,51
282,Ninette,Dorset,12/27/2002,F,Sommers,76214,+86 760 294 3177,ndorset7t@yellowpages.com,58
283,Karie,Renney,6/2/2001,F,Donald,21042,+46 260 901 5687,krenney7u@stumbleupon.com,18
284,Valeria,Franck,5/23/2002,F,8th,58525,+52 275 555 8921,vfranck7v@cnet.com,87
285,Robinette,Mullan,10/3/2001,F,Ridgeway,26154,+7 388 999 2384,rmullan7w@irs.gov,18
286,Lolly,Chastel,6/21/2005,F,Pennsylvania,43281,+49 889 647 4802,lchastel7x@furl.net,71
287,Dannie,Pritchett,2/13/2003,F,Vermont,30374,+380 110 363 0532,dpritchett7y@taobao.com,69
288,Malinde,Paolacci,4/22/2005,F,Ridge Oak,64781,+81 769 842 2614,mpaolacci7z@skyrock.com,58
289,Aldric,Atthow,8/16/2000,M,Hintze,85232,+62 265 182 8864,aatthow80@ox.ac.uk,69
290,Marci,Dreinan,2/4/2005,F,Merrick,63228,+48 836 957 7322,mdreinan81@disqus.com,2
291,Rickey,Tincombe,4/2/2004,M,Northwestern,52542,+231 263 452 1516,rtincombe82@craigslist.org,27
292,Matelda,Rames,6/9/2005,F,Maple,89449,+62 650 160 4924,mrames83@domainmarket.com,64
293,Dilan,Yanshinov,8/10/2004,M,Ramsey,14326,+86 974 636 8264,dyanshinov84@vkontakte.ru,85
294,Bobbie,Kupisz,3/2/1999,M,Stuart,33483,+389 510 271 9137,bkupisz85@usatoday.com,10
295,Chaim,Plackstone,11/14/2003,M,Springview,85347,+86 560 554 1392,cplackstone86@reference.com,71
296,Rainer,Culwen,10/28/2000,M,Maple Wood,25542,+86 463 288 8649,rculwen87@bbc.co.uk,30
297,Alexander,Garnett,4/29/1999,M,Eastlawn,73957,+86 359 915 5568,agarnett88@unc.edu,15
298,Carroll,Thundercliffe,10/2/2005,M,Merry,31052,+62 338 627 7072,cthundercliffe89@cbc.ca,14
299,Elyssa,Kalb,4/12/2003,F,Surrey,13205,+60 345 309 1068,ekalb8a@webmd.com,4
300,Concordia,Mingotti,6/14/1999,F,Northfield,54012,+30 427 505 3384,cmingotti8b@shareasale.com,91
301,Bondy,Bissett,9/15/2004,M,Lyons,56397,+30 669 330 0782,bbissett8c@independent.co.uk,53
302,Nertie,Valentim,1/5/2004,F,Scofield,23127,+55 329 570 2685,nvalentim8d@topsy.com,2
303,Ara,Panketh,12/7/2001,M,Dwight,78479,+86 487 136 3895,apanketh8e@imgur.com,89
304,Gretal,Greetland,12/1/2002,F,Vermont,52413,+593 794 851 7588,ggreetland8f@biblegateway.com,35
305,Vite,Blune,1/19/2001,M,Mendota,60708,+267 769 215 0094,vblune8g@globo.com,9
306,Gannie,Towl,8/11/2004,M,Pine View,25193,+33 643 976 2699,gtowl8h@angelfire.com,55
307,Anson,MacCallam,3/17/2005,M,Stone Corner,38541,+98 751 158 8228,amaccallam8i@yale.edu,59
308,Selma,Waistall,4/24/2001,F,Tomscot,97586,+86 345 246 1349,swaistall8j@zimbio.com,84
309,Rosita,Atwell,5/4/2005,F,Manitowish,52983,+261 514 426 1030,ratwell8k@technorati.com,37
310,Hermon,Strowger,4/18/2003,M,Linden,27145,+86 548 658 3339,hstrowger8l@wikispaces.com,41
311,Pascale,Burtenshaw,10/6/2002,M,Hoffman,60145,+7 687 296 4756,pburtenshaw8m@abc.net.au,78
312,Opaline,Jardein,8/3/2002,F,Paget,53303,+84 219 365 0496,ojardein8n@dyndns.org,28
313,Zulema,Thurborn,12/2/2004,F,Mallory,57061,+233 780 305 7796,zthurborn8o@bbc.co.uk,63
314,Stevy,Birrel,7/18/2003,M,Summerview,82340,+55 759 718 2662,sbirrel8p@who.int,26
315,Rebe,Yalden,5/29/2005,F,Steensland,31080,+976 838 327 2174,ryalden8q@yolasite.com,32
316,Antonietta,Pollak,12/20/2004,F,Bonner,88967,+49 188 393 2797,apollak8r@ca.gov,5
317,Brendan,Romans,6/19/2002,M,Reinke,66962,+380 811 828 1452,bromans8s@google.pl,9
318,Arney,Jezzard,6/12/2002,M,Barnett,81679,+33 390 831 4292,ajezzard8t@census.gov,58
319,Casie,Macauley,11/28/2001,F,Sundown,47675,+86 258 455 4323,cmacauley8u@jimdo.com,19
320,Irving,Knighton,8/7/1999,M,Maple,32087,+46 216 653 0012,iknighton8v@buzzfeed.com,53
321,Justina,Mulhall,4/29/2001,F,Anthes,21043,+1 512 672 0214,jmulhall8w@samsung.com,26
322,Zeke,Molesworth,6/21/2004,M,Swallow,53437,+962 178 425 7579,zmolesworth8x@mayoclinic.com,34
323,Padget,Nettle,6/21/2002,M,Donald,59181,+86 467 853 7792,pnettle8y@webnode.com,29
324,Ernst,Farherty,6/12/2004,M,Riverside,56327,+33 854 478 9877,efarherty8z@multiply.com,20
325,Gavan,McLewd,2/21/2002,M,Summit,26107,+51 416 238 3854,gmclewd90@fastcompany.com,19
326,Ronda,Swindle,8/17/2005,F,Miller,25186,+20 233 704 1265,rswindle91@stumbleupon.com,9
327,Germayne,Stanistreet,9/16/2002,M,Morning,59036,+86 983 863 5372,gstanistreet92@abc.net.au,53
328,Abbot,Wandless,1/19/2005,M,American,81367,+46 146 488 0328,awandless93@mozilla.org,97
329,Roanne,Jiruch,9/10/1999,F,Caliangt,16507,+63 130 309 5654,rjiruch94@abc.net.au,3
330,Forster,Yeldham,12/8/2005,M,Hovde,48573,+86 314 803 2160,fyeldham95@digg.com,14
331,Abramo,Gorrick,3/16/2003,M,Pierstorff,79158,+48 617 981 3478,agorrick96@phoca.cz,49
332,Mick,Ghidetti,10/4/2002,M,American Ash,53384,+86 327 380 0652,mghidetti97@icq.com,14
333,Kendricks,Spering,9/11/2001,M,Hoffman,99340,+7 730 403 7348,kspering98@cloudflare.com,94
334,Maren,Vanns,3/27/2001,F,Scott,82632,+55 205 603 7293,mvanns99@census.gov,70
335,Erny,Corbett,1/20/2001,M,Marquette,41828,+351 486 968 8710,ecorbett9a@smugmug.com,29
336,Katheryn,Ham,2/15/2004,F,Lerdahl,56663,+62 518 899 2857,kham9b@shareasale.com,45
337,Vance,Ketchen,12/17/2003,M,Superior,25505,+504 483 701 6823,vketchen9c@yahoo.co.jp,54
338,Kit,Duesbury,5/25/2001,F,Lakewood,54898,+359 406 227 8354,kduesbury9d@hhs.gov,9
339,Scott,Quan,9/24/2002,M,Bayside,13402,+86 473 659 8058,squan9e@drupal.org,95
340,Evey,Hamly,3/29/2000,F,Kim,70635,+86 477 598 9280,ehamly9f@nps.gov,50
341,Waiter,Dauncey,9/30/2000,M,Reindahl,97870,+1 814 235 3448,wdauncey9g@multiply.com,93
342,Eloisa,Atthowe,10/9/1999,F,Stephen,68769,+86 118 759 7344,eatthowe9h@google.com,79
343,Cameron,Rutherford,7/10/2002,M,Lawn,30566,+234 135 583 4978,crutherford9i@soup.io,4
344,Gnni,Woolatt,10/6/2002,F,Portage,55808,+357 416 485 9475,gwoolatt9j@macromedia.com,95
345,Mead,Feaveer,2/25/2001,F,Truax,60775,+62 836 671 9977,mfeaveer9k@tinyurl.com,23
346,Ermanno,Blooman,2/8/2001,M,4th,42698,+82 388 470 8737,eblooman9l@soup.io,10
347,Myrlene,Lindenboim,12/6/2000,F,Larry,77101,+66 796 380 3188,mlindenboim9m@wordpress.org,82
348,Bonny,Limpenny,3/6/2003,F,Carioca,44162,+46 387 765 5931,blimpenny9n@aol.com,99
349,Jacobo,Frawley,1/24/2004,M,Rigney,68237,+62 207 852 5390,jfrawley9o@tinypic.com,34
350,Chrystal,Padginton,12/19/1999,F,Gerald,39912,+48 900 449 4767,cpadginton9p@posterous.com,29
351,Morganica,Frith,6/17/2002,F,Larry,68213,+63 696 710 0765,mfrith9q@chronoengine.com,49
352,Quill,Extal,10/2/2003,M,Fisk,31490,+48 140 841 6317,qextal9r@yolasite.com,90
353,Sybilla,Mearing,7/16/2004,F,Walton,76166,+351 890 647 8655,smearing9s@jugem.jp,27
354,Gaylor,Rojas,4/11/2003,M,Harbort,10042,+62 123 302 0691,grojas9t@google.com.au,75
355,Zarla,Longson,8/10/2000,F,Sheridan,62233,+7 800 876 8272,zlongson9u@shareasale.com,44
356,Keriann,Jaspar,2/28/2002,F,New Castle,85371,+48 990 746 9615,kjaspar9v@hugedomains.com,73
357,Kelcie,Janicki,5/24/2000,F,Namekagon,61518,+420 318 499 1285,kjanicki9w@aboutads.info,89
358,Madelin,Chadd,11/24/2004,F,Coolidge,56528,+48 873 278 3048,mchadd9x@google.com.br,70
359,Jecho,Browncey,2/13/1999,M,Reinke,98859,+234 758 644 9326,jbrowncey9y@whitehouse.gov,61
360,Terrance,Spyer,9/23/2000,M,Fisk,51458,+55 107 937 1632,tspyer9z@noaa.gov,40
361,Florella,Davidow,10/28/2003,F,Summer Ridge,81274,+62 207 217 7047,fdavidowa0@google.it,17
362,Averyl,Cymper,8/30/2001,F,Maryland,15440,+86 447 563 9275,acympera1@bluehost.com,31
363,Emmi,Overbury,12/29/2003,F,Bunker Hill,79304,+225 178 419 9298,eoverburya2@admin.ch,33
364,Maxie,Matessian,10/4/2003,M,Schiller,44617,+86 485 533 6641,mmatessiana3@technorati.com,63
365,Henriette,Horsey,11/8/2002,F,John Wall,83575,+86 680 551 8328,hhorseya4@constantcontact.com,83
366,Lucas,Popping,11/21/2000,M,Bultman,69921,+46 470 144 1053,lpoppinga5@slashdot.org,68
367,Augustin,Winterbotham,3/19/2004,M,Fremont,69853,+236 849 907 5557,awinterbothama6@state.tx.us,34
368,Malvina,Brockhurst,11/7/2003,F,Michigan,66172,+54 227 986 8332,mbrockhursta7@reddit.com,36
369,Judi,Sommerled,9/26/1999,F,Burning Wood,61867,+502 344 826 5808,jsommerleda8@cisco.com,89
370,Wake,Tebbet,2/13/2003,M,Merry,74838,+965 788 874 7118,wtebbeta9@harvard.edu,21
371,Artus,Enoch,7/23/2003,M,Miller,61774,+216 320 728 5554,aenochaa@state.tx.us,64
372,Enrico,Rubi,9/5/2003,M,Banding,37587,+86 470 411 8902,erubiab@cargocollective.com,94
373,Fawne,Pervoe,4/27/2005,F,Hudson,58794,+48 941 171 2300,fpervoeac@scientificamerican.com,44
374,Maryjane,Matys,2/8/2001,F,Daystar,43624,+86 357 240 1263,mmatysad@a8.net,87
375,Rafaelia,Weightman,11/9/2004,F,Park Meadow,44087,+30 126 918 4183,rweightmanae@reverbnation.com,20
376,Drucie,Dales,1/1/2003,F,Summer Ridge,55465,+351 900 705 8651,ddalesaf@zdnet.com,98
377,Alli,Danforth,10/25/2003,F,Grover,97789,+351 360 139 3881,adanforthag@hatena.ne.jp,65
378,Jimmy,Del Monte,8/13/2005,M,Esch,94780,+86 862 115 0121,jdelmonteah@imdb.com,92
379,Brenn,Copestick,12/13/2004,F,Mcguire,82845,+244 369 599 4438,bcopestickai@homestead.com,24
380,Marcellus,Hymer,11/16/1999,M,Spenser,72722,+81 576 693 3250,mhymeraj@goodreads.com,86
381,Loretta,Gerriet,5/14/2000,F,Wayridge,34125,+380 138 311 2969,lgerrietak@statcounter.com,73
382,Mikael,Hendricks,5/30/2004,M,8th,49059,+976 288 211 9554,mhendricksal@berkeley.edu,22
383,Brear,Paddy,7/26/2003,F,Kennedy,73608,+81 619 957 8364,bpaddyam@webnode.com,39
384,Puff,Botwood,4/28/2004,M,Rigney,63020,+86 205 903 0563,pbotwoodan@tripod.com,86
385,Scarlett,Elies,10/23/2002,F,Jenifer,40926,+48 219 594 9249,seliesao@noaa.gov,19
386,Meg,Webb,10/13/2001,F,Boyd,84607,+86 506 839 0190,mwebbap@surveymonkey.com,20
387,Edlin,Oliveira,6/8/2005,M,Bunker Hill,96883,+371 677 144 1799,eoliveiraaq@go.com,41
388,Petra,Tinston,4/20/1999,F,Pond,93556,+380 870 767 3498,ptinstonar@amazon.de,60
389,Catlaina,Castrillo,11/17/2003,F,Meadow Valley,52451,+7 275 463 8423,ccastrilloas@bing.com,23
390,Fianna,Lewcock,5/24/1999,F,Mandrake,92675,+62 647 298 1844,flewcockat@cnn.com,66
391,Merla,Tolhurst,7/18/2000,F,Muir,66744,+62 436 635 1385,mtolhurstau@tinypic.com,30
392,Alano,Thomas,12/27/1999,M,Independence,48357,+33 830 838 2312,athomasav@dedecms.com,5
393,Dulcinea,Plowes,11/15/2002,F,International,89068,+855 188 148 2352,dplowesaw@sun.com,39
394,Rolland,Goldspink,10/11/2001,M,Florence,95797,+63 557 427 2296,rgoldspinkax@exblog.jp,56
395,Veronique,Gowanlock,1/28/2003,F,Hanover,42144,+1 328 275 8969,vgowanlockay@liveinternet.ru,27
396,Tomi,Ferrettini,5/17/2004,F,Aberg,66405,+57 331 296 6076,tferrettiniaz@360.cn,91
397,Mireille,Chessell,7/6/1999,F,Mallory,53942,+502 275 715 7832,mchessellb0@wiley.com,63
398,Drew,Brettel,5/19/2002,M,3rd,24882,+62 379 946 4820,dbrettelb1@si.edu,73
399,Alberta,Churcher,7/20/1999,F,Surrey,99372,+62 735 371 1222,achurcherb2@yolasite.com,95
400,Elsinore,Murdy,12/25/2002,F,Riverside,80003,+506 896 631 3398,emurdyb3@marriott.com,8
401,Irene,Sperrett,10/16/2002,F,Rowland,73362,+86 377 903 0808,isperrettb4@imdb.com,83
402,Siegfried,Worsnap,9/3/1999,M,Scoville,17112,+49 551 145 8692,sworsnapb5@slate.com,16
403,Ruthe,Fiorentino,10/26/1999,F,Shasta,95686,+86 831 491 7972,rfiorentinob6@tripadvisor.com,4
404,Free,Pettifor,10/31/2005,M,Garrison,40443,+7 786 578 9984,fpettiforb7@nps.gov,96
405,Lorraine,Gosse,8/13/2003,F,Westerfield,34781,+62 145 140 3236,lgosseb8@admin.ch,67
406,Josepha,Ervine,11/22/2004,F,Fairview,82104,+62 174 510 4361,jervineb9@usgs.gov,46
407,Brock,Derycot,10/18/2002,M,Blaine,39554,+30 774 922 0972,bderycotba@yahoo.com,71
408,Stanislas,Skellorne,3/30/2000,M,Harper,65716,+351 505 523 4360,sskellornebb@hud.gov,25
409,Leroy,Machen,11/5/2001,M,Chinook,92091,+7 690 850 3759,lmachenbc@china.com.cn,38
410,Malory,Itzak,6/5/2005,F,Annamark,90735,+54 410 866 8096,mitzakbd@si.edu,58
411,Alene,Welbourn,1/21/2003,F,Utah,67494,+380 500 254 9790,awelbournbe@mail.ru,99
412,Buddie,Lubbock,7/25/2002,M,John Wall,10386,+62 225 683 2278,blubbockbf@bing.com,23
413,Sammy,Tomasello,9/27/2004,F,Thackeray,21812,+48 929 499 9440,stomasellobg@ameblo.jp,44
414,Gideon,Dudman,1/23/2004,M,8th,89195,+98 861 443 8519,gdudmanbh@umn.edu,58
415,Dusty,Colbertson,11/16/1999,F,Macpherson,34437,+351 731 743 4335,dcolbertsonbi@cdc.gov,48
416,Frederik,Jell,7/24/2001,M,Weeping Birch,20334,+62 492 832 2284,fjellbj@cnn.com,70
417,Alyson,Hasney,4/11/2003,F,Morningstar,17545,+48 405 598 5207,ahasneybk@paypal.com,16
418,Merv,Rodson,11/14/2000,M,Sunbrook,63092,+48 705 368 3801,mrodsonbl@webmd.com,82
419,Egbert,Derington,4/1/2004,M,Lake View,82743,+86 882 442 0900,ederingtonbm@indiegogo.com,8
420,Yule,Warlock,2/18/2005,M,Arkansas,87913,+970 321 332 9070,ywarlockbn@i2i.jp,74
421,Timmy,De Avenell,1/22/2001,M,Browning,51436,+62 664 852 7354,tdeavenellbo@bandcamp.com,19
422,Ardath,Drexel,6/19/2004,F,Tony,87520,+1 580 618 2283,adrexelbp@answers.com,75
423,Elladine,Fonzone,1/22/2002,F,Sutherland,41347,+33 471 550 4938,efonzonebq@reuters.com,96
424,Robbie,MacCook,5/2/2005,M,Transport,29530,+63 621 835 3193,rmaccookbr@springer.com,82
425,Jenine,Huncoot,7/30/1999,F,Graedel,43884,+420 695 126 5090,jhuncootbs@meetup.com,97
426,Tabb,Birks,10/24/2005,M,Schiller,85303,+51 184 676 4064,tbirksbt@nature.com,32
427,Shepherd,Eate,10/21/2000,M,Blackbird,25355,+55 188 881 7708,seatebu@salon.com,88
428,Ronda,Pooley,4/12/1999,F,Hudson,57371,+1 710 144 2729,rpooleybv@storify.com,40
429,Alvira,Prover,12/10/2003,F,Orin,59917,+86 196 167 8369,aproverbw@cdbaby.com,42
430,Annelise,Jarratt,11/4/2003,F,Chive,29019,+62 591 271 3443,ajarrattbx@fema.gov,99
431,Torin,Bumfrey,12/26/1998,M,Forest Dale,82405,+55 207 186 2682,tbumfreyby@hhs.gov,17
432,Esteban,Lyddy,9/28/2000,M,Del Sol,74952,+298 595 316 8280,elyddybz@cloudflare.com,36
433,Amalee,Tassel,8/5/2003,F,Blaine,92278,+55 787 650 0983,atasselc0@youtu.be,98
434,Irvine,Paoloni,3/20/2005,M,1st,35037,+86 316 627 1480,ipaolonic1@washington.edu,1
435,Flem,Hugland,10/29/1999,M,Browning,52080,+63 554 402 9573,fhuglandc2@vistaprint.com,42
436,Hazel,Bradburne,12/27/2002,M,Fisk,32350,+237 619 487 1203,hbradburnec3@reverbnation.com,92
437,Anne-marie,Yoakley,12/27/2000,F,Havey,51877,+46 257 116 3709,ayoakleyc4@google.co.jp,32
438,Germain,Klassmann,1/5/2005,M,Brickson Park,80860,+62 380 881 9133,gklassmannc5@vkontakte.ru,3
439,Deonne,Millott,12/29/2002,F,Continental,57493,+94 498 771 5916,dmillottc6@chron.com,65
440,Emmott,Machel,6/25/2001,M,Moose,39484,+420 637 605 8144,emachelc7@oakley.com,67
441,Franchot,McGowing,11/20/2005,M,Logan,34310,+375 370 715 3431,fmcgowingc8@tuttocitta.it,89
442,Anthea,Humphries,12/21/2000,F,Dovetail,23615,+62 412 354 5568,ahumphriesc9@g.co,45
443,Estrellita,Snailham,4/20/2001,F,Parkside,72596,+48 774 921 6095,esnailhamca@bloglines.com,22
444,Alano,Wyldish,5/22/2004,M,Ilene,24014,+993 730 298 8792,awyldishcb@amazonaws.com,47
445,Keenan,Linkleter,3/21/1999,M,Green Ridge,10234,+33 578 610 1581,klinkletercc@constantcontact.com,45
446,Laney,Scamp,11/26/2000,F,Mallory,34034,+1 619 205 4927,lscampcd@nhs.uk,74
447,Ethyl,Affuso,3/18/2003,F,Oak,48931,+66 823 489 5943,eaffusoce@boston.com,24
448,Fina,Branton,1/3/2004,F,Fairfield,64183,+33 988 721 1985,fbrantoncf@apple.com,89
449,Katha,Troake,6/3/2004,F,Acker,41783,+1 559 890 0969,ktroakecg@taobao.com,61
450,Catherin,Bellward,10/16/1999,F,Summit,51401,+62 102 429 8924,cbellwardch@ebay.co.uk,86
451,Urbano,Hansbury,9/13/2001,M,Marquette,40911,+86 882 933 6966,uhansburyci@etsy.com,15
452,Rinaldo,Bessom,3/4/2005,M,Mallory,47081,+46 302 146 9114,rbessomcj@cyberchimps.com,54
453,Selle,Dowyer,10/11/2001,F,Messerschmidt,89966,+57 903 359 3557,sdowyerck@mashable.com,86
454,Trula,Alesin,3/26/2003,F,Barnett,20261,+86 702 733 4408,talesincl@storify.com,98
455,Fraser,Ambler,10/29/2004,M,Summerview,31921,+47 615 217 4603,famblercm@blinklist.com,56
456,Weylin,Everil,3/9/2004,M,Orin,85137,+55 627 606 8083,weverilcn@webeden.co.uk,28
457,Euphemia,Rains,8/20/2002,F,Melody,83643,+93 878 741 7095,erainsco@discuz.net,62
458,Shepherd,Storrah,6/24/2000,M,Waubesa,12599,+591 565 601 9255,sstorrahcp@slideshare.net,16
459,Teodor,Seabourne,6/26/2004,M,Hudson,92109,+51 719 463 8745,tseabournecq@studiopress.com,30
460,Cyb,Bordes,11/8/2000,F,Hollow Ridge,58837,+63 639 180 0814,cbordescr@blogspot.com,78
461,Silvano,Wolland,5/30/2005,M,Hanson,23827,+62 903 537 5650,swollandcs@nps.gov,58
462,Rupert,Bellsham,12/22/2001,M,Sunfield,33571,+55 938 858 1879,rbellshamct@comsenz.com,96
463,Rube,Heustice,6/20/2001,M,Park Meadow,36554,+55 696 129 3891,rheusticecu@china.com.cn,95
464,Desmond,Stango,3/9/2001,M,Anzinger,35888,+63 827 452 6516,dstangocv@free.fr,59
465,Giselbert,Bilbrooke,1/23/2002,M,Memorial,40911,+62 241 866 4350,gbilbrookecw@netlog.com,100
466,Jess,Tsarovic,12/25/1999,M,Messerschmidt,19813,+994 573 981 3911,jtsaroviccx@forbes.com,63
467,Israel,Cragell,10/18/2004,M,Welch,15302,+48 575 173 4741,icragellcy@google.fr,58
468,Mallorie,McCowan,1/7/2005,F,Bunker Hill,65591,+33 896 327 2198,mmccowancz@theglobeandmail.com,8
469,Jaquith,Dowdam,1/18/2004,F,Schmedeman,58169,+263 986 534 1562,jdowdamd0@guardian.co.uk,23
470,Masha,Arnowicz,5/26/2002,F,Del Sol,18836,+86 693 648 1434,marnowiczd1@ifeng.com,5
471,Bond,Cardenosa,12/12/2004,M,Di Loreto,44004,+967 921 313 1486,bcardenosad2@sitemeter.com,69
472,Jessalyn,Kosel,10/9/2005,F,Rutledge,60928,+86 288 773 1041,jkoseld3@tripadvisor.com,30
473,Jack,Novill,1/3/1999,M,Macpherson,88625,+86 205 666 9770,jnovilld4@jimdo.com,87
474,Merle,Wickenden,5/17/2003,M,Fordem,12842,+86 187 546 1069,mwickendend5@unesco.org,37
475,Hermine,Jakel,11/4/2003,F,Fremont,65959,+971 416 676 6431,hjakeld6@nytimes.com,87
476,Jacqui,Cosgreave,3/16/1999,F,Scoville,37866,+351 326 352 3751,jcosgreaved7@thetimes.co.uk,27
477,Pru,Oldall,12/10/2000,F,Bowman,51909,+960 465 742 4029,poldalld8@networksolutions.com,89
478,Thurstan,Rumford,2/21/2004,M,Schlimgen,13961,+380 239 314 1921,trumfordd9@cdc.gov,51
479,Cindra,Eskriett,12/30/2004,F,Vernon,71326,+66 517 685 8670,ceskriettda@ucoz.com,84
480,Jarid,Sabberton,10/29/2000,M,Dennis,88569,+251 925 656 8724,jsabbertondb@gravatar.com,21
481,Gaspar,Pietesch,7/6/2000,M,Atwood,48678,+504 181 997 7054,gpieteschdc@abc.net.au,87
482,Adrianna,Beverley,4/25/2003,F,Clove,94384,+48 901 951 6433,abeverleydd@go.com,90
483,Michel,Findley,9/22/1999,F,Fairfield,10739,+506 512 194 8968,mfindleyde@smugmug.com,28
484,Kelsey,Gilardoni,4/24/2004,M,Veith,71888,+48 161 204 5822,kgilardonidf@sun.com,81
485,Nathalie,Wildbore,2/1/2003,F,3rd,92291,+63 457 545 8141,nwildboredg@sohu.com,36
486,Ddene,Keelan,5/6/2001,F,Maywood,31306,+55 893 279 8448,dkeelandh@berkeley.edu,26
487,Monica,Orhrt,7/1/2002,F,Portage,43230,+1 913 466 9364,morhrtdi@issuu.com,85
488,Germaine,Ivory,4/12/2004,M,Summit,96551,+55 104 661 3219,givorydj@homestead.com,24
489,Harriet,Latour,2/24/2000,F,Hansons,36708,+387 858 513 3381,hlatourdk@independent.co.uk,64
490,Sandor,Carlisso,9/11/2003,M,Hagan,87448,+62 851 215 9457,scarlissodl@hao123.com,87
491,Dav,Carette,8/8/2005,M,Melby,29301,+52 400 720 5345,dcarettedm@alexa.com,68
492,Tarrance,Stanton,9/30/1999,M,Stoughton,40226,+62 797 506 3181,tstantondn@state.gov,99
493,Byrom,Milington,1/2/2005,M,Division,63683,+1 510 290 3658,bmilingtondo@arizona.edu,40
494,Bran,Offener,3/27/2004,M,Gulseth,91219,+55 252 632 3088,boffenerdp@cpanel.net,79
495,Kelvin,Cabedo,2/7/1999,M,Golf View,41253,+51 257 212 9122,kcabedodq@pen.io,91
496,Shay,Proudman,6/24/1999,M,Shasta,72644,+351 790 746 7525,sproudmandr@twitpic.com,41
497,Elvera,Manuello,12/29/1998,F,Killdeer,86268,+86 255 388 2544,emanuellods@prweb.com,16
498,Glennis,Petto,8/11/2005,F,Daystar,24218,+62 993 796 0957,gpettodt@reddit.com,63
499,Datha,Nelson,7/3/2002,F,Maple Wood,23970,+33 125 890 4276,dnelsondu@prweb.com,88
500,Kynthia,Josilowski,8/1/2005,F,Dottie,19076,+53 956 742 5537,kjosilowskidv@mit.edu,20
501,Westbrook,Grevile,8/7/1999,M,Monica,41631,+260 885 587 9981,wgreviledw@fda.gov,42
502,Nelly,Darville,4/3/1999,F,Almo,29947,+380 873 955 9316,ndarvilledx@uol.com.br,31
503,Ninetta,Bradnock,4/28/2002,F,Macpherson,61211,+86 457 997 2596,nbradnockdy@time.com,87
504,Falkner,Felgate,10/29/2002,M,Derek,76245,+86 542 129 9500,ffelgatedz@mozilla.com,76
505,Kurt,Knappitt,3/17/2000,M,Russell,66402,+44 638 465 4162,kknappitte0@jiathis.com,89
506,Lorant,Fenton,11/19/2002,M,Eagan,65593,+46 767 894 9797,lfentone1@apache.org,97
507,Rhett,Tanser,6/19/2004,M,Kings,59632,+86 189 277 1243,rtansere2@fotki.com,42
508,Ollie,Gaber,5/4/1999,F,Hoffman,13755,+968 929 773 1731,ogabere3@nps.gov,45
509,Maren,Togwell,3/13/2002,F,Clarendon,66613,+62 402 181 6204,mtogwelle4@cargocollective.com,44
510,Dulciana,Rumney,6/20/2004,F,Drewry,68661,+46 951 983 4280,drumneye5@reverbnation.com,95
511,Koren,Varlow,1/4/2003,F,Ronald Regan,40866,+63 261 133 6915,kvarlowe6@nyu.edu,7
512,Templeton,Braizier,9/18/2001,M,Jana,10183,+55 781 498 7152,tbraiziere7@furl.net,47
513,Kristoforo,Woodthorpe,10/28/2002,M,Bunker Hill,80964,+264 516 223 1507,kwoodthorpee8@woothemes.com,40
514,Hector,Duffield,3/23/2003,M,Scott,99910,+51 421 997 8980,hduffielde9@com.com,67
515,Biddie,Duggen,11/17/2001,F,Bluestem,83536,+1 415 560 4132,bduggenea@cbsnews.com,78
516,Dyna,Kreutzer,11/8/2002,F,Bowman,69866,+57 908 943 7728,dkreutzereb@google.ru,53
517,Even,Habbeshaw,3/19/2003,M,Hanson,46167,+86 944 659 7995,ehabbeshawec@msn.com,52
518,Dell,Glassopp,3/31/2001,M,Hansons,46429,+212 771 642 8574,dglassopped@eepurl.com,50
519,Jonell,Turfes,1/24/1999,F,Garrison,56429,+1 702 324 2211,jturfesee@theglobeandmail.com,73
520,Vin,Ballefant,2/22/2000,M,Burning Wood,68422,+62 120 396 1466,vballefantef@netvibes.com,44
521,Aaron,Copp,3/18/2000,M,Beilfuss,52154,+84 789 706 1331,acoppeg@behance.net,99
522,Sallyanne,Densham,6/25/2000,F,American,12387,+358 509 903 3171,sdenshameh@sphinn.com,24
523,Mal,Dorre,7/4/2002,M,Rutledge,48005,+86 695 781 9376,mdorreei@wikia.com,30
524,Norri,Rolfini,9/18/2003,F,Nevada,96413,+7 855 620 6557,nrolfiniej@photobucket.com,93
525,Teodorico,Courtois,7/3/2001,M,Karstens,59122,+7 634 126 6156,tcourtoisek@mayoclinic.com,72
526,Nanete,Holdey,2/2/2003,F,Killdeer,52687,+86 722 813 2792,nholdeyel@newyorker.com,48
527,Gunar,Ashborne,10/24/1999,M,Summerview,73185,+62 723 270 1710,gashborneem@diigo.com,33
528,Margaret,Tolerton,4/28/2005,F,Pepper Wood,11871,+359 770 247 4981,mtolertonen@eepurl.com,84
529,Delmar,Gut,11/28/2001,M,Rieder,22033,+994 205 507 2272,dguteo@t.co,56
530,Collin,Richt,11/21/2002,M,Pawling,47461,+7 278 637 6555,crichtep@twitter.com,69
531,Che,Pardi,9/6/2002,M,Arrowood,87997,+55 485 349 8077,cpardieq@google.com.br,82
532,Gerhardt,Arden,2/12/2004,M,Waxwing,97152,+86 246 776 0834,gardener@sciencedaily.com,40
533,Hurleigh,Kubyszek,5/11/2002,M,Thierer,79306,+93 712 699 3032,hkubyszekes@apache.org,28
534,Margaret,Piecha,12/17/2002,F,Sutherland,92065,+351 304 796 1720,mpiechaet@trellian.com,4
535,Pamelina,Tatem,7/27/2001,F,Dawn,66494,+63 879 906 4520,ptatemeu@oaic.gov.au,3
536,Matias,Renzullo,1/12/2002,M,Delaware,48647,+970 625 219 2546,mrenzulloev@unblog.fr,83
537,Vasili,Pinsent,7/3/2002,M,Erie,91270,+7 132 242 0975,vpinsentew@yahoo.co.jp,6
538,Stavro,Lombardo,7/25/1999,M,Lakewood Gardens,73683,+33 247 646 2307,slombardoex@elpais.com,79
539,Carny,OKeenan,10/19/2001,M,Briar Crest,40848,+351 435 788 5592,cokeenaney@cdc.gov,45
540,Netta,Mayell,7/10/2004,F,Corben,21447,+86 318 146 4060,nmayellez@thetimes.co.uk,82
541,Darice,MacGovern,11/5/2005,F,Prairie Rose,19473,+1 479 528 5628,dmacgovernf0@ustream.tv,99
542,Elston,Endrizzi,4/1/1999,M,Lyons,33513,+423 169 110 9249,eendrizzif1@newyorker.com,25
543,Anetta,Reinger,6/4/2003,F,Laurel,26481,+33 551 824 6164,areingerf2@independent.co.uk,61
544,Mark,Flisher,2/20/2003,M,Artisan,19327,+7 430 304 9000,mflisherf3@macromedia.com,83
545,Harman,Raylton,5/26/2001,M,Meadow Valley,60037,+27 978 505 9450,hrayltonf4@china.com.cn,46
546,Trevar,McColgan,11/5/2004,M,Green,58453,+86 300 569 8967,tmccolganf5@dailymail.co.uk,74
547,Ingra,Keat,9/24/2004,M,Burrows,39290,+63 395 630 1903,ikeatf6@upenn.edu,58
548,Bill,Mariel,3/19/2003,F,Birchwood,14124,+48 947 118 9522,bmarielf7@squarespace.com,3
549,Gaile,Martinec,9/13/2002,M,Graceland,57526,+55 362 849 6220,gmartinecf8@mashable.com,84
550,Dun,Jayume,1/14/2000,M,Paget,23845,+57 764 789 7293,djayumef9@topsy.com,90
551,Dru,McMichan,4/6/2002,F,John Wall,15554,+254 893 894 2625,dmcmichanfa@paypal.com,52
552,Britteny,Blown,6/27/1999,F,La Follette,66133,+46 794 968 7625,bblownfb@people.com.cn,95
553,Tulley,Muttitt,10/31/2002,M,Quincy,12372,+420 216 480 7992,tmuttittfc@whitehouse.gov,83
554,Kakalina,Hayhoe,8/27/2003,F,Granby,85389,+81 246 643 1382,khayhoefd@issuu.com,57
555,Brewster,McGeoch,5/1/2005,M,Prairie Rose,83644,+502 895 137 9618,bmcgeochfe@mysql.com,95
556,Claude,Sibylla,9/19/2000,F,Stang,22199,+86 701 484 3521,csibyllaff@msn.com,5
557,Adi,Whitcombe,10/11/2005,F,Rigney,79460,+62 725 665 1302,awhitcombefg@businessweek.com,15
558,Bald,Flooks,10/8/2002,M,West,44764,+7 577 256 0924,bflooksfh@cnet.com,48
559,Iorgo,Brydie,7/26/2000,M,Kingsford,54216,+82 181 673 2376,ibrydiefi@ftc.gov,41
560,Meridith,Bray,10/9/2005,F,Basil,85622,+86 331 874 9447,mbrayfj@xrea.com,37
561,Magdaia,Beardow,1/24/2005,F,Lighthouse Bay,27626,+55 178 983 1628,mbeardowfk@state.gov,93
562,Noemi,Schrir,3/15/1999,F,Bunker Hill,92776,+48 810 427 4870,nschrirfl@slashdot.org,18
563,Yasmeen,Erwin,4/28/2000,F,Arapahoe,45114,+251 790 673 6954,yerwinfm@gmpg.org,11
564,Zenia,Toolan,8/11/2003,F,Dunning,99370,+33 908 838 9302,ztoolanfn@wikia.com,69
565,Malinde,Howgill,11/30/1999,F,Pawling,81938,+81 346 957 0897,mhowgillfo@ning.com,99
566,Fernanda,Iremonger,9/10/2000,F,Sugar,62624,+267 757 902 1795,firemongerfp@multiply.com,34
567,Genni,Simion,6/5/2000,F,Scott,36647,+55 170 952 7979,gsimionfq@cocolog-nifty.com,60
568,Inga,Greenacre,12/15/2004,F,Little Fleur,92208,+63 499 422 1451,igreenacrefr@bandcamp.com,95
569,Blake,Shears,8/10/2000,M,Buhler,31614,+63 204 641 7725,bshearsfs@ihg.com,25
570,Thorpe,Mursell,3/29/2001,M,Muir,74630,+63 786 143 6580,tmursellft@google.com,91
571,Melvin,Dillamore,6/12/1999,M,Weeping Birch,26757,+62 237 612 8357,mdillamorefu@drupal.org,4
572,Grier,Durrington,2/4/2005,F,Spohn,83071,+62 831 696 7102,gdurringtonfv@bravesites.com,77
573,Silvio,Yeandel,3/1/1999,M,Moulton,37297,+51 747 759 0832,syeandelfw@meetup.com,13
574,Iver,O Mara,6/11/2003,M,Shoshone,23683,+996 790 852 3528,iomarafx@psu.edu,60
575,Sam,Scutts,7/9/1999,M,Cottonwood,55359,+48 511 348 7083,sscuttsfy@seattletimes.com,61
576,Aldridge,Fishby,1/31/2003,M,Kings,15037,+27 204 495 5787,afishbyfz@addthis.com,17
577,Sonia,Kelmere,10/7/2002,F,Artisan,86251,+33 928 110 0028,skelmereg0@nsw.gov.au,46
578,Gram,Franke,9/26/2001,M,Birchwood,37317,+46 637 367 0077,gfrankeg1@mac.com,66
579,Barney,Kummerlowe,11/22/2004,M,Prairie Rose,56013,+232 483 713 1431,bkummerloweg2@reuters.com,59
580,Fionna,Hargreave,5/22/2004,F,Emmet,30642,+62 359 876 6474,fhargreaveg3@vistaprint.com,86
581,Ker,Roadnight,3/11/2001,M,Lighthouse Bay,68921,+216 873 575 7728,kroadnightg4@addtoany.com,7
582,Gilligan,Mayman,3/4/2004,F,Arkansas,33012,+63 496 666 4520,gmaymang5@reverbnation.com,59
583,Gerrie,Michiel,9/18/2003,M,Messerschmidt,41729,+98 379 390 6747,gmichielg6@nsw.gov.au,28
584,Wendie,Wythe,4/28/2000,F,Onsgard,47665,+380 491 653 0007,wwytheg7@usnews.com,81
585,Tonya,Ricciardello,10/26/2004,F,Muir,55748,+52 891 623 0522,tricciardellog8@histats.com,81
586,Madison,Jolin,10/12/2001,M,Talisman,94767,+1 904 211 1211,mjoling9@ucsd.edu,16
587,Carmelle,McIlherran,2/28/1999,F,Old Gate,99520,+55 847 559 1419,cmcilherranga@cnet.com,96
588,Daile,Fairney,12/23/1999,F,Susan,98771,+86 607 543 0411,dfairneygb@blogspot.com,46
589,Adah,Lafont,6/5/2005,F,Packers,41574,+86 131 809 7404,alafontgc@webeden.co.uk,76
590,Nathaniel,Wheaton,12/23/1999,M,3rd,97003,+86 303 494 5298,nwheatongd@gizmodo.com,32
591,Alison,Johncey,5/15/2004,F,Columbus,64686,+591 627 632 4917,ajohnceyge@zimbio.com,1
592,Gerrie,Roly,3/10/2004,F,Prairie Rose,40409,+55 691 221 1930,grolygf@is.gd,85
593,Annamaria,Admans,9/30/2002,F,Valley Edge,12361,+86 963 332 2653,aadmansgg@cnet.com,65
594,Maje,Mee,7/20/2000,M,Northland,41064,+964 235 681 6860,mmeegh@whitehouse.gov,77
595,Lin,Ciccarelli,6/14/2004,M,Bultman,72323,+62 399 960 1944,lciccarelligi@over-blog.com,24
596,Mareah,Shorthill,8/23/1999,F,Bartillon,43162,+420 263 286 7469,mshorthillgj@nbcnews.com,47
597,Bernice,McMillan,9/14/2003,F,Evergreen,16135,+48 517 591 2130,bmcmillangk@diigo.com,2
598,Tirrell,Andrejs,11/12/2002,M,Thierer,25011,+381 799 299 3905,tandrejsgl@mlb.com,90
599,Violante,Hemphill,6/3/2001,F,Jackson,85147,+230 909 365 3818,vhemphillgm@theatlantic.com,83
600,Fleurette,Patek,1/31/2000,F,Arizona,78700,+46 880 716 9143,fpatekgn@google.pl,40
601,Clemmie,Yurchishin,3/10/2002,F,Debs,93804,+7 213 981 7321,cyurchishingo@prnewswire.com,30
602,Seamus,Cordeau],8/31/2000,M,Drewry,84300,+63 297 823 4180,scordeaugp@livejournal.com,71
603,Fergus,Bridgwater,8/11/2002,M,Old Shore,41080,+81 416 238 9740,fbridgwatergq@4shared.com,85
604,Arri,Stockwell,6/4/2002,M,Raven,66912,+380 635 389 4212,astockwellgr@ted.com,89
605,Cordula,Fullbrook,12/5/2000,F,Park Meadow,64598,+55 598 885 8102,cfullbrookgs@ycombinator.com,55
606,Darn,McCorry,3/15/1999,M,Arrowood,94691,+51 380 700 0325,dmccorrygt@scribd.com,66
607,Lammond,Alessandretti,3/31/2002,M,Katie,50166,+62 326 674 2052,lalessandrettigu@list-manage.com,97
608,Jedidiah,Hofner,6/6/2001,M,Novick,63995,+7 690 149 0058,jhofnergv@soundcloud.com,61
609,Welbie,Ever,8/14/2002,M,Hoard,97007,+33 581 105 0540,wevergw@mac.com,24
610,Lina,Maryon,10/30/2000,F,Iowa,35795,+86 912 100 7621,lmaryongx@addthis.com,23
611,Andras,Humphrys,3/7/1999,M,Delaware,11612,+62 316 352 7425,ahumphrysgy@discovery.com,69
612,Dorothee,Pietzner,2/22/2001,F,Nevada,41139,+63 968 893 7222,dpietznergz@canalblog.com,12
613,Gayelord,Antonich,11/15/2002,M,Basil,30642,+62 253 578 8499,gantonichh0@home.pl,52
614,Sergio,Goymer,6/10/2004,M,Messerschmidt,35479,+358 320 156 8545,sgoymerh1@upenn.edu,46
615,Free,Arno,11/9/2002,M,Monica,67388,+63 639 685 3127,farnoh2@etsy.com,100
616,Keslie,Prati,9/5/1999,F,Cordelia,81478,+86 623 252 4314,kpratih3@epa.gov,48
617,Willey,Largent,5/27/2002,M,Holy Cross,31061,+7 757 968 7463,wlargenth4@google.com,87
618,Maribelle,Allender,8/3/2000,F,Algoma,34973,+86 267 706 5964,mallenderh5@wix.com,30
619,Jefferey,Linturn,6/4/2004,M,Wayridge,42947,+1 560 761 3313,jlinturnh6@weather.com,61
620,Kerry,Shellard,2/10/2005,F,Bashford,60611,+994 554 810 7160,kshellardh7@apache.org,48
621,Christal,Paddie,9/2/2000,F,Surrey,96255,+506 420 732 2379,cpaddieh8@biglobe.ne.jp,79
622,Benni,Nolli,6/1/2004,F,Ryan,34046,+55 315 491 4837,bnollih9@t.co,78
623,Dewain,Pelz,1/24/2004,M,1st,52851,+7 431 839 9875,dpelzha@prnewswire.com,28
624,Glynis,Shortall,8/1/2005,F,Vernon,17366,+86 842 650 3697,gshortallhb@umn.edu,86
625,Othelia,Jeaneau,1/6/2002,F,Hudson,10433,+48 567 576 1699,ojeaneauhc@state.tx.us,60
626,Beck,Walak,5/24/2005,M,Burrows,48391,+86 260 961 9228,bwalakhd@ow.ly,81
627,Loren,Brunotti,9/19/2005,F,Center,50789,+55 481 436 4783,lbrunottihe@google.co.jp,52
628,Arleen,Adel,11/20/2005,F,Hallows,66202,+86 121 299 2038,aadelhf@wufoo.com,82
629,Corliss,Bearns,6/27/2003,F,Sachtjen,70221,+86 975 588 3454,cbearnshg@joomla.org,14
630,Ibby,Spelling,5/29/2002,F,Dennis,63769,+212 407 937 4261,ispellinghh@plala.or.jp,10
631,Thane,Branston,1/16/2004,M,Waubesa,29167,+81 826 186 0442,tbranstonhi@google.de,83
632,Federico,Clubbe,5/1/2002,M,Jenifer,90256,+237 260 988 9960,fclubbehj@goo.gl,70
633,Puff,Folder,6/12/2004,M,Truax,92502,+385 632 991 6213,pfolderhk@ocn.ne.jp,26
634,Marven,Meriel,10/22/2003,M,Donald,81328,+420 128 664 4370,mmerielhl@tiny.cc,49
635,Robinetta,Bartlomieczak,5/16/2005,F,Talisman,39985,+63 782 165 8227,rbartlomieczakhm@csmonitor.com,19
636,Emory,MacPhail,11/8/2000,M,Judy,77440,+86 949 225 8980,emacphailhn@elegantthemes.com,83
637,Lucky,Greensitt,2/5/2000,F,Lien,33031,+46 749 276 0143,lgreensittho@virginia.edu,6
638,Tyson,Barthod,11/7/2003,M,Merry,88303,+86 736 141 9900,tbarthodhp@dailymail.co.uk,27
639,Doroteya,Wyborn,3/12/2005,F,Northridge,90533,+86 682 714 4222,dwybornhq@com.com,80
640,Dew,Abrahamsson,10/21/2003,M,3rd,10234,+1 211 637 1887,dabrahamssonhr@scribd.com,79
641,Hailey,Belasco,9/5/1999,M,Lillian,69950,+226 654 574 4015,hbelascohs@yolasite.com,27
642,Rogerio,Joskowicz,12/2/2003,M,Mccormick,83208,+94 336 507 9596,rjoskowiczht@gmpg.org,30
643,Glen,McRitchie,7/21/2000,M,Messerschmidt,35702,+1 538 723 7408,gmcritchiehu@msn.com,46
644,Petey,Leavey,4/26/2000,M,Linden,68394,+86 377 245 6135,pleaveyhv@g.co,34
645,Fabien,Hallatt,8/16/2002,M,Reindahl,91730,+57 289 203 7895,fhallatthw@webeden.co.uk,81
646,Faun,Aguilar,11/6/2002,F,Blaine,38147,+30 305 109 2129,faguilarhx@ustream.tv,35
647,Merle,Farreil,6/2/2003,F,Eliot,95690,+86 697 783 6330,mfarreilhy@mail.ru,90
648,Matthiew,Tebbit,8/4/1999,M,Dunning,96290,+55 191 538 6164,mtebbithz@flickr.com,49
649,Amanda,Moberley,1/22/1999,F,Rieder,50377,+1 775 814 6180,amoberleyi0@webnode.com,3
650,Oswell,Yoseloff,3/11/2005,M,Elka,19908,+48 192 460 0680,oyoseloffi1@mozilla.com,19
651,Randell,Malinowski,10/13/2003,M,Sullivan,94583,+86 900 581 2267,rmalinowskii2@biblegateway.com,12
652,Kennan,Crissil,11/19/2004,M,Iowa,73223,+33 140 175 7951,kcrissili3@ebay.com,2
653,Jules,Palffy,3/21/2005,M,Aberg,42331,+46 311 511 2154,jpalffyi4@nymag.com,64
654,Hannah,Patinkin,12/23/2000,F,Nova,67152,+351 360 412 8018,hpatinkini5@aol.com,37
655,Harris,Cocking,1/3/2003,M,Hansons,53722,+86 925 193 4468,hcockingi6@sohu.com,72
656,Hadria,Tyrrell,12/31/2003,F,Fairfield,82100,+1 585 489 7994,htyrrelli7@shutterfly.com,26
657,Paulette,Burbidge,2/19/2004,F,Butterfield,59780,+63 244 932 9766,pburbidgei8@ifeng.com,60
658,Kane,Ogan,5/7/2004,M,Jay,71300,+86 190 359 6886,kogani9@elegantthemes.com,2
659,Rockey,Hubback,11/30/2005,M,Division,31354,+226 273 978 2253,rhubbackia@flickr.com,34
660,Heall,Orange,10/24/2000,M,Stone Corner,71768,+30 274 495 0435,horangeib@sina.com.cn,22
661,Hillie,Shillom,8/2/2004,M,Leroy,55063,+86 299 759 8035,hshillomic@miibeian.gov.cn,63
662,Sharyl,Killigrew,1/14/2002,F,Petterle,62825,+7 277 505 6328,skilligrewid@lulu.com,96
663,Emanuele,Hayles,9/18/2004,M,Menomonie,47179,+1 157 924 1194,ehaylesie@pbs.org,87
664,Zebulon,Pudden,3/19/2000,M,Hovde,39755,+7 897 543 1747,zpuddenif@liveinternet.ru,100
665,Brocky,Wanden,6/4/2005,M,Ludington,49108,+51 372 852 5171,bwandenig@yellowbook.com,57
666,Marin,Stellman,3/29/2003,F,Dawn,47343,+380 489 296 1999,mstellmanih@miitbeian.gov.cn,55
667,Eveleen,Joontjes,5/20/2002,F,Meadow Vale,19783,+387 718 193 2130,ejoontjesii@businessinsider.com,57
668,Selby,Cowx,2/25/2005,M,Loftsgordon,13694,+86 396 550 6367,scowxij@twitpic.com,71
669,Mason,McGiffin,6/6/2001,M,Sage,49847,+62 722 493 0935,mmcgiffinik@youku.com,80
670,Marrissa,Dorward,12/30/2003,F,Green,84622,+62 237 620 9973,mdorwardil@ehow.com,99
671,Burty,Caghy,9/5/2005,M,Green,54404,+7 878 918 4081,bcaghyim@businessweek.com,32
672,Arel,Titchen,10/18/2005,M,Morningstar,90968,+20 788 801 7110,atitchenin@amazon.de,42
673,Rustie,Higbin,5/12/2003,M,Morningstar,57671,+62 951 828 4735,rhigbinio@gravatar.com,63
674,Sayers,Dillaway,7/25/1999,M,Melrose,91190,+62 597 142 8534,sdillawayip@wp.com,6
675,Baxy,Eggleson,12/3/2003,M,Meadow Ridge,90765,+84 344 459 1398,begglesoniq@sphinn.com,15
676,Adham,Rocca,11/14/2003,M,Del Mar,12877,+420 356 577 8598,aroccair@dion.ne.jp,92
677,Rasla,Carding,12/20/2003,F,Marcy,31138,+93 714 143 7738,rcardingis@altervista.org,67
678,Ariel,Dallosso,2/16/2004,F,Lakewood Gardens,29550,+380 917 669 2872,adallossoit@dion.ne.jp,10
679,Sloan,Mecozzi,11/2/1999,M,Eggendart,49737,+244 354 710 5852,smecozziiu@opensource.org,47
680,Nickolaus,Pennells,3/25/1999,M,Farragut,48160,+33 661 829 9894,npennellsiv@fc2.com,19
681,Tiffie,McTurk,3/1/2005,F,Dapin,48760,+46 493 990 7344,tmcturkiw@technorati.com,95
682,Guglielma,Khomich,4/8/1999,F,Haas,19413,+86 698 931 9035,gkhomichix@bloglovin.com,98
683,Florella,Harlow,3/21/2004,F,Northridge,38977,+20 799 549 8021,fharlowiy@blogtalkradio.com,94
684,Aggi,Abella,12/20/2001,F,Waubesa,27504,+86 633 984 9333,aabellaiz@rakuten.co.jp,34
685,Alic,Collar,10/19/2004,M,Mitchell,18760,+976 108 174 7126,acollarj0@people.com.cn,86
686,Thacher,Niche,7/14/2005,M,Delladonna,99091,+86 612 804 9303,tnichej1@whitehouse.gov,12
687,Axe,Jeffryes,12/2/2000,M,Grasskamp,37188,+63 187 305 3854,ajeffryesj2@mac.com,29
688,Alf,Rudloff,5/2/2001,M,Golf Course,17479,+84 334 511 3394,arudloffj3@printfriendly.com,82
689,Brittani,Brockie,5/5/1999,F,Waubesa,27886,+63 797 773 6188,bbrockiej4@dailymotion.com,57
690,Em,Dominka,1/3/2004,M,Donald,27325,+34 796 416 4856,edominkaj5@npr.org,69
691,Birgitta,Jacques,1/24/2005,F,Shoshone,27138,+62 183 446 3814,bjacquesj6@yellowpages.com,55
692,Bobinette,Lottrington,6/12/2003,F,Hagan,54420,+36 358 565 1496,blottringtonj7@taobao.com,78
693,Teddie,Crocken,1/31/1999,M,Ridge Oak,58090,+351 937 333 0933,tcrockenj8@hp.com,33
694,Tasha,Jessen,5/27/2002,F,Kingsford,70407,+63 260 737 4285,tjessenj9@senate.gov,31
695,Barrett,Edmands,1/9/2003,M,Independence,79166,+82 886 909 5200,bedmandsja@soundcloud.com,9
696,Berta,Jinda,3/10/2005,F,Myrtle,29330,+86 798 320 0210,bjindajb@businesswire.com,92
697,Onfroi,Thorns,6/6/2005,M,Burning Wood,54857,+86 958 383 4331,othornsjc@networkadvertising.org,48
698,Loydie,Andren,7/11/2003,M,Straubel,99918,+381 770 986 9836,landrenjd@tinypic.com,30
699,Nefen,Presslee,1/31/2003,M,Park Meadow,91122,+267 969 778 7397,npressleeje@dropbox.com,75
700,Ilene,Bartusek,10/7/2005,F,Clove,59439,+81 593 847 6246,ibartusekjf@privacy.gov.au,74
701,Saunders,Weatherall,3/26/2000,M,Mosinee,84814,+420 116 655 2882,sweatheralljg@latimes.com,82
702,Elysee,Daddow,4/7/2003,F,Mayer,49296,+62 399 285 9953,edaddowjh@statcounter.com,49
703,Moshe,Westphalen,12/17/2004,M,4th,41582,+234 171 865 0720,mwestphalenji@meetup.com,52
704,Anton,Grimwad,7/7/1999,M,Shasta,10912,+63 367 539 9855,agrimwadjj@sakura.ne.jp,17
705,Calhoun,Finlater,5/4/2002,M,Manley,47186,+62 350 460 3618,cfinlaterjk@g.co,83
706,Nial,Douris,1/2/2001,M,Ridgeview,97374,+44 831 934 3080,ndourisjl@paginegialle.it,98
707,Wynny,Bathow,11/22/1999,F,Center,13938,+351 827 147 1253,wbathowjm@dell.com,88
708,Tamma,Penrice,8/29/2002,F,Comanche,63473,+47 831 305 2404,tpenricejn@google.co.uk,81
709,Dalton,Bernardet,11/26/2005,M,Lien,10894,+86 115 649 6441,dbernardetjo@smugmug.com,64
710,Gabriela,Obispo,12/14/2001,F,Mayfield,20047,+52 561 861 4676,gobispojp@mapquest.com,65
711,Patricia,Luck,6/13/2002,F,Center,10779,+62 395 830 7160,pluckjq@livejournal.com,32
712,Salem,McAreavey,7/20/2000,M,Namekagon,86122,+7 758 255 7819,smcareaveyjr@canalblog.com,98
713,Sandor,Mulryan,10/4/2005,M,Warbler,30198,+48 587 116 9509,smulryanjs@parallels.com,48
714,Ailsun,Barthrop,4/28/1999,F,Warrior,22761,+593 272 375 8187,abarthropjt@arstechnica.com,90
715,Virgie,Maycock,7/14/2001,F,Crescent Oaks,27679,+86 723 198 8803,vmaycockju@marriott.com,82
716,Christan,Armitt,7/15/2005,F,Waywood,82374,+52 353 267 8393,carmittjv@about.com,45
717,Gusty,Stewart,7/20/2001,F,Grover,89555,+86 503 387 4708,gstewartjw@bloglovin.com,46
718,Sayre,Malek,4/2/2004,F,Randy,91961,+231 425 921 8761,smalekjx@livejournal.com,28
719,Gerry,Novacek,11/28/1999,M,Southridge,23619,+380 308 838 3946,gnovacekjy@cloudflare.com,2
720,Ramsay,Jone,2/29/2004,M,Texas,94859,+420 449 692 1572,rjonejz@amazon.com,74
721,Caressa,MacDuff,11/24/2001,F,Orin,42502,+66 574 818 7544,cmacduffk0@google.pl,61
722,Cchaddie,Wilmott,3/27/2000,M,School,48036,+55 328 663 5422,cwilmottk1@woothemes.com,49
723,Morly,Starr,8/24/1999,M,Fulton,70655,+86 651 366 1762,mstarrk2@cisco.com,41
724,Nixie,Teeney,3/8/1999,F,Ronald Regan,89174,+7 375 661 8988,nteeneyk3@sitemeter.com,61
725,Sibelle,Swainson,5/29/2002,F,Comanche,94752,+7 797 661 2409,sswainsonk4@freewebs.com,63
726,Querida,Doughartie,10/31/2003,F,Onsgard,78089,+63 952 932 9268,qdoughartiek5@nasa.gov,37
727,Reinold,Konmann,12/15/2005,M,Rowland,84639,+355 352 997 9736,rkonmannk6@jugem.jp,4
728,Waiter,OGarmen,10/12/2003,M,Lindbergh,73921,+976 329 117 9982,wogarmenk7@marriott.com,19
729,Alanah,Kornyakov,11/22/2003,F,Swallow,53355,+7 845 904 8375,akornyakovk8@blog.com,32
730,Dionisio,Jeafferson,9/18/2004,M,Brentwood,61742,+7 825 673 5676,djeaffersonk9@ameblo.jp,1
731,Viv,Clackson,5/11/1999,F,Rusk,66863,+51 150 968 5840,vclacksonka@tripod.com,65
732,Vivianne,Zellner,7/3/2000,F,Jana,71471,+30 823 639 3415,vzellnerkb@engadget.com,59
733,Alina,Bullene,6/9/2004,F,Springview,61146,+62 981 114 7312,abullenekc@mozilla.com,47
734,Lamont,Belverstone,10/26/2002,M,Hayes,32635,+351 757 571 1532,lbelverstonekd@nhs.uk,31
735,Ricoriki,Dafydd,3/23/2004,M,Carioca,65489,+86 926 389 2706,rdafyddke@discuz.net,11
736,Huey,McGoon,1/26/2002,M,Novick,48611,+86 480 962 1706,hmcgoonkf@nydailynews.com,35
737,Gracia,Caldwell,5/3/2000,F,Arizona,59000,+502 310 260 4647,gcaldwellkg@loc.gov,41
738,Car,Rupel,2/23/2005,M,Oxford,69192,+220 301 125 0429,crupelkh@addtoany.com,79
739,Lara,Grinston,8/9/2003,F,Stang,52499,+86 837 968 3968,lgrinstonki@bbc.co.uk,87
740,Otis,Daniaud,10/3/2000,M,Manley,47605,+62 220 157 4285,odaniaudkj@i2i.jp,29
741,Hedvige,Itzik,7/19/2003,F,Barnett,87734,+998 767 847 7520,hitzikkk@creativecommons.org,33
742,Benedetto,Theobalds,8/14/2002,M,Chive,96364,+54 666 762 1104,btheobaldskl@dell.com,60
743,Jehanna,Goldes,2/28/2002,F,Union,88430,+1 853 119 3787,jgoldeskm@mapquest.com,90
744,Colin,Wagstaffe,3/13/2001,M,Thierer,19532,+86 443 891 5968,cwagstaffekn@wikia.com,59
745,Royce,Hawler,3/23/2002,M,Riverside,52067,+86 866 846 1430,rhawlerko@biblegateway.com,83
746,Lind,Catonnet,7/6/2005,M,Comanche,61219,+63 235 288 1850,lcatonnetkp@artisteer.com,59
747,Agna,Ghelardoni,7/20/2005,F,Hazelcrest,22167,+62 186 778 0149,aghelardonikq@mapquest.com,1
748,Rycca,Linnemann,7/7/2005,F,7th,88323,+54 130 280 8880,rlinnemannkr@discovery.com,34
749,Katie,Tremollet,6/10/2004,F,Summerview,62288,+33 432 266 4128,ktremolletks@umich.edu,64
750,Constantia,Dhennin,11/17/2000,F,Ryan,67324,+48 591 878 8149,cdhenninkt@yahoo.co.jp,51
751,Deloris,Struis,6/15/2004,F,Gulseth,59553,+355 296 619 0918,dstruisku@wp.com,80
752,Georgine,Tolumello,11/11/2002,F,Buena Vista,34252,+86 180 528 1603,gtolumellokv@yahoo.com,63
753,Leonhard,De Robertis,3/18/2005,M,Michigan,34824,+370 804 355 1702,lderobertiskw@mashable.com,42
754,Gaylor,Bristoe,12/1/2001,M,Cordelia,78378,+63 192 369 3572,gbristoekx@ucsd.edu,41
755,Chris,Fishbourn,9/26/2004,M,Hudson,33450,+46 835 550 4016,cfishbournky@goo.gl,5
756,Jacquenette,Batcock,9/16/2003,F,Clemons,32424,+48 728 841 5070,jbatcockkz@linkedin.com,68
757,Lucian,Helmke,6/2/2004,M,Village Green,31198,+353 781 615 2234,lhelmkel0@liveinternet.ru,84
758,Kandace,Ridd,4/19/2005,F,Center,39306,+62 863 217 7511,kriddl1@newsvine.com,54
759,Roth,Kaszper,10/27/1999,M,Butternut,31121,+86 110 552 0477,rkaszperl2@icq.com,52
760,Teressa,Shaw,7/28/2001,F,Nevada,37768,+62 975 467 0510,tshawl3@clickbank.net,33
761,Adena,Houndesome,5/24/2002,F,Maryland,46620,+95 822 369 8515,ahoundesomel4@si.edu,80
762,Vera,Marchelli,11/16/2000,F,Mendota,53129,+86 777 125 5961,vmarchellil5@mozilla.com,14
763,Keriann,Pickering,6/23/2003,F,Magdeline,86928,+7 115 612 1967,kpickeringl6@dailymotion.com,55
764,Dal,Lorentzen,1/4/2000,M,Toban,25478,+66 544 374 1129,dlorentzenl7@noaa.gov,2
765,Jandy,Guyon,1/12/2002,F,Summit,47971,+86 266 351 4340,jguyonl8@wordpress.org,24
766,Rafi,Ferrero,6/14/2000,M,Stang,87416,+1 804 197 2153,rferrerol9@indiatimes.com,87
767,Enrika,Rechert,3/2/2001,F,Goodland,92629,+970 354 212 4966,erechertla@gmpg.org,28
768,Herve,Burmingham,9/15/2001,M,Bunting,50214,+48 500 711 5552,hburminghamlb@posterous.com,15
769,Joellen,Duckitt,12/26/2001,F,Iowa,37364,+55 611 171 6908,jduckittlc@ocn.ne.jp,78
770,Carlyn,Storah,3/28/1999,F,Cardinal,86471,+31 389 967 4272,cstorahld@go.com,32
771,Kriste,Custance,9/2/2002,F,Mayfield,97633,+48 895 878 6504,kcustancele@ameblo.jp,29
772,Hale,Smail,5/23/2005,M,Steensland,60753,+92 121 304 1232,hsmaillf@lulu.com,87
773,Avigdor,Rickett,10/20/2004,M,Merrick,65647,+86 283 234 6401,arickettlg@webmd.com,4
774,Corby,Skeels,4/25/1999,M,Muir,30971,+963 716 108 4115,cskeelslh@unc.edu,53
775,Sheela,Broxton,1/29/1999,F,Charing Cross,74883,+977 247 315 2659,sbroxtonli@icio.us,51
776,Jo,Serrurier,11/28/2004,M,Oak Valley,68443,+62 453 879 0313,jserrurierlj@over-blog.com,33
777,Boone,Tidball,12/9/1999,M,Springview,94051,+420 848 532 7952,btidballlk@craigslist.org,35
778,Finlay,Sharland,11/24/2000,M,Dryden,40805,+55 513 493 3803,fsharlandll@printfriendly.com,89
779,Scot,Cisco,12/13/2005,M,Hagan,81315,+86 423 301 2258,sciscolm@fotki.com,48
780,Jaclin,Inglesent,7/2/2004,F,Swallow,68796,+232 533 178 8672,jinglesentln@chicagotribune.com,82
781,Georgeanna,McCook,11/13/2002,F,Prairieview,32255,+234 742 588 3035,gmccooklo@icio.us,92
782,Harbert,Izachik,2/14/2002,M,Ludington,31043,+86 766 957 9973,hizachiklp@ehow.com,2
783,Goddart,Goodluck,10/13/2001,M,Nobel,96938,+233 657 371 8674,ggoodlucklq@toplist.cz,48
784,Karine,Ebbetts,9/27/2003,F,North,38835,+62 291 181 7210,kebbettslr@myspace.com,41
785,Rozelle,Steinson,6/28/2003,F,Kenwood,22081,+7 792 976 7213,rsteinsonls@g.co,100
786,Jaquenette,Jantel,1/15/2003,F,Hoepker,24107,+374 606 503 4510,jjantellt@taobao.com,27
787,Zebedee,Dominelli,2/25/2000,M,Nova,27488,+55 923 788 6221,zdominellilu@oakley.com,28
788,Philippe,Celiz,6/6/2004,F,Union,85282,+44 200 746 9362,pcelizlv@qq.com,42
789,Lia,Wickersham,10/16/2002,F,Fairfield,85567,+380 238 523 5196,lwickershamlw@de.vu,8
790,Mikey,Mullenger,1/29/2001,M,Little Fleur,72743,+353 633 149 1748,mmullengerlx@t.co,92
791,Webster,Dalgarnocht,8/31/2002,M,Morningstar,48587,+93 690 729 8671,wdalgarnochtly@telegraph.co.uk,14
792,Josi,Cawood,9/28/2002,F,Gerald,96732,+33 137 901 3709,jcawoodlz@nasa.gov,89
793,Therine,Orehead,3/21/1999,F,Welch,20853,+86 332 578 6289,toreheadm0@jimdo.com,68
794,Carlyn,Dewdeny,2/13/2003,F,Blue Bill Park,55090,+216 872 992 0506,cdewdenym1@wired.com,22
795,Merilyn,Bailie,12/30/2002,F,Jenifer,15018,+98 950 335 1269,mbailiem2@ovh.net,65
796,Powell,Chasteau,5/24/2004,M,Maywood,48172,+234 216 730 3298,pchasteaum3@deliciousdays.com,13
797,Gleda,Bowdon,9/6/2001,F,Mallory,26102,+84 234 721 3132,gbowdonm4@un.org,72
798,Eve,Crumb,7/4/2005,F,Farmco,22942,+86 762 896 1073,ecrumbm5@godaddy.com,42
799,Tuck,Fone,4/6/2003,M,Artisan,19626,+256 172 627 0384,tfonem6@ebay.co.uk,62
800,Susanetta,Reames,3/19/2005,F,Miller,31365,+86 582 247 2189,sreamesm7@marketwatch.com,68
801,Samaria,Cockburn,10/28/2001,F,Northfield,78916,+62 564 307 5533,scockburnm8@apple.com,94
802,Freemon,Newbury,10/30/2005,M,Northwestern,46975,+55 168 752 8954,fnewburym9@foxnews.com,58
803,Tadd,Thursfield,7/30/2000,M,Hooker,12361,+63 799 534 2551,tthursfieldma@constantcontact.com,73
804,Casandra,Elwin,12/26/2002,F,Mockingbird,61186,+48 891 798 1781,celwinmb@sakura.ne.jp,21
805,Spence,Lehrmann,3/29/2001,M,7th,87246,+86 841 480 9784,slehrmannmc@lulu.com,29
806,Olva,Tremlett,9/2/2004,F,Ryan,95611,+86 463 481 8141,otremlettmd@blinklist.com,22
807,Anneliese,Pert,10/31/2004,F,Randy,92353,+7 588 220 0420,apertme@samsung.com,55
808,Allissa,Sancto,6/18/2001,F,Fallview,18904,+62 888 877 5309,asanctomf@blogger.com,20
809,Herman,Yardley,12/11/2003,M,Delladonna,93752,+230 211 848 2468,hyardleymg@washington.edu,15
810,Derk,Ifill,11/6/2003,M,Mayer,55596,+48 765 407 5215,difillmh@cloudflare.com,70
811,Finlay,Wimsett,2/20/2003,M,Towne,46912,+385 620 513 9260,fwimsettmi@lulu.com,69
812,Claretta,Durnell,2/25/2001,F,Delaware,78595,+86 961 220 6363,cdurnellmj@blogspot.com,6
813,Reta,Wonter,12/8/1999,F,Arizona,14392,+46 536 878 8767,rwontermk@scientificamerican.com,74
814,Orbadiah,Giorgetti,12/25/2003,M,Clarendon,18447,+81 702 700 3929,ogiorgettiml@washington.edu,59
815,Clement,Werny,11/17/2005,M,Katie,53059,+63 277 266 1793,cwernymm@msn.com,5
816,Barclay,Instock,4/14/2003,M,Maple,72030,+55 518 651 0983,binstockmn@blinklist.com,22
817,Filia,Tuke,3/19/2004,F,Northwestern,74566,+86 604 990 5979,ftukemo@cnet.com,3
818,Adela,Dunsmore,6/15/2001,F,Golf Course,79839,+358 668 877 6414,adunsmoremp@independent.co.uk,14
819,Madelin,Colliard,8/29/1999,F,Barnett,71338,+234 422 520 4150,mcolliardmq@xrea.com,59
820,Koral,Hearmon,9/17/1999,F,Rusk,78698,+998 834 634 9581,khearmonmr@mac.com,53
821,Catlin,Baison,1/6/2001,F,Morning,84357,+84 749 945 5326,cbaisonms@foxnews.com,92
822,Lindon,Foort,5/31/2003,M,Towne,85025,+46 333 269 0231,lfoortmt@netscape.com,5
823,Rici,Haselhurst,2/12/2000,F,Golf Course,89434,+33 621 258 6730,rhaselhurstmu@umn.edu,38
824,Corbett,Mazzeo,8/12/2002,M,Tennyson,82321,+86 763 732 9124,cmazzeomv@surveymonkey.com,68
825,Max,Eccleston,12/3/2004,M,Surrey,62953,+62 824 884 7265,mecclestonmw@cocolog-nifty.com,46
826,Emelina,Theunissen,7/10/2000,F,Colorado,36423,+1 490 720 2892,etheunissenmx@unc.edu,93
827,Remington,Welland,5/1/2000,M,Birchwood,55145,+1 392 328 0531,rwellandmy@tripod.com,63
828,Ardisj,Orehead,10/1/2004,F,Londonderry,61255,+86 465 622 0474,aoreheadmz@trellian.com,47
829,Randene,Knudsen,3/4/2004,F,Northwestern,86243,+374 382 950 1860,rknudsenn0@csmonitor.com,4
830,Arel,Koppen,8/20/2004,M,La Follette,56400,+86 321 470 1075,akoppenn1@networksolutions.com,40
831,Russell,Cleminson,12/6/2000,M,Burning Wood,24223,+1 901 943 5926,rcleminsonn2@photobucket.com,71
832,Niki,Boyan,7/9/2000,M,Lighthouse Bay,42060,+86 199 455 2444,nboyann3@yolasite.com,19
833,Maura,Braunroth,5/2/2002,F,Washington,77666,+373 129 892 1211,mbraunrothn4@rakuten.co.jp,19
834,Waiter,Philcox,1/24/1999,M,Grim,18584,+64 537 309 7561,wphilcoxn5@un.org,71
835,Ilise,South,1/9/2004,F,Walton,13912,+46 579 567 4602,isouthn6@so-net.ne.jp,20
836,Sheelagh,Murrie,3/22/2001,F,Fuller,38686,+850 249 492 8003,smurrien7@archive.org,75
837,Tabitha,Rivalland,5/4/2002,F,Mosinee,14715,+374 493 440 6413,trivallandn8@nymag.com,5
838,Morry,Farncomb,7/30/2003,M,Columbus,21560,+48 201 388 8111,mfarncombn9@hp.com,37
839,Glennie,Beccero,9/30/2001,F,Anthes,26325,+1 650 419 2118,gbeccerona@columbia.edu,95
840,Nettle,Caudrey,9/16/2002,F,Tony,76022,+86 937 355 9258,ncaudreynb@elpais.com,14
841,Eirena,Hiers,7/24/2000,F,Fieldstone,16152,+229 166 445 6454,ehiersnc@nbcnews.com,99
842,Dyna,Sparshatt,6/1/1999,F,Morningstar,25926,+62 138 226 6744,dsparshattnd@ifeng.com,12
843,Alene,McKissack,1/17/2003,F,Clemons,56108,+86 356 790 4957,amckissackne@cam.ac.uk,83
844,Moyra,Scotsbrook,12/3/2000,F,Green Ridge,82475,+58 913 126 9982,mscotsbrooknf@scientificamerican.com,90
845,Doretta,Giottini,9/25/2003,F,Fieldstone,15905,+62 917 922 5387,dgiottining@java.com,20
846,Gaultiero,Ellacombe,12/24/2000,M,Mandrake,65767,+7 577 238 9480,gellacombenh@abc.net.au,82
847,Ophelie,Maffioni,9/1/2001,F,Nobel,78273,+86 138 843 1096,omaffionini@amazon.com,58
848,Natty,Rubes,3/16/2000,F,Stoughton,35163,+86 933 200 0768,nrubesnj@utexas.edu,79
849,Dalenna,Ellacombe,6/15/2003,F,Shopko,89387,+351 560 506 4153,dellacombenk@prlog.org,34
850,Nilson,Gooley,8/4/2005,M,Boyd,74159,+351 292 205 4385,ngooleynl@fda.gov,27
851,Halsey,Langsdon,4/1/2004,M,Debs,98645,+33 102 580 9808,hlangsdonnm@t.co,52
852,Alvinia,Southorn,10/19/2002,F,Sommers,57554,+81 708 249 0608,asouthornnn@bloomberg.com,80
853,Alaine,Dane,3/1/2003,F,Briar Crest,96572,+62 895 486 7663,adaneno@admin.ch,88
854,Julie,Knock,3/25/1999,M,Pond,13136,+20 541 154 0728,jknocknp@123-reg.co.uk,18
855,Lucais,Bard,5/8/2001,M,Longview,50100,+33 986 587 5493,lbardnq@mozilla.com,86
856,Vivienne,Botwright,3/22/2002,F,Fieldstone,90729,+251 343 562 0465,vbotwrightnr@sciencedaily.com,26
857,Cherice,OSkehan,3/17/2003,F,Ramsey,93526,+380 749 352 3242,coskehanns@jalbum.net,99
858,Gareth,Deverock,11/1/2002,M,Chive,27631,+86 788 368 4538,gdeverocknt@weather.com,92
859,Ferrel,Fealy,3/2/2001,M,Goodland,75536,+81 297 700 2332,ffealynu@bravesites.com,68
860,Perl,Hawyes,4/15/2005,F,Norway Maple,64256,+48 374 981 8298,phawyesnv@stumbleupon.com,75
861,Roma,Ayres,4/15/2001,M,Mosinee,77791,+371 343 621 9039,rayresnw@tinyurl.com,31
862,Elden,Dinkin,8/8/2001,M,Brown,48728,+86 586 394 8213,edinkinnx@360.cn,61
863,Isis,Gravell,5/8/2004,F,Grasskamp,13138,+389 577 819 3950,igravellny@oakley.com,26
864,Andie,Richin,10/16/1999,M,Nelson,53929,+51 844 666 1768,arichinnz@geocities.com,36
865,Myrilla,Mulvany,9/25/2000,F,Corscot,53711,+86 534 637 1470,mmulvanyo0@walmart.com,11
866,Johnnie,Terron,8/5/2000,M,Upham,90741,+420 810 713 8689,jterrono1@cloudflare.com,83
867,Bastien,Seawell,8/8/2001,M,John Wall,85111,+46 943 696 2624,bseawello2@typepad.com,71
868,Frank,Mossom,4/12/1999,M,North,70827,+57 781 570 3817,fmossomo3@jimdo.com,33
869,Claudio,Chitson,8/3/2002,M,Calypso,16382,+51 711 958 5686,cchitsono4@google.com.br,33
870,Marcia,Hrachovec,5/4/2004,F,Cascade,69078,+55 709 366 3290,mhrachoveco5@wordpress.org,47
871,Glynnis,Geroldo,2/3/2003,F,Pepper Wood,70646,+86 801 557 1333,ggeroldoo6@google.com.hk,82
872,Adolph,Cream,9/9/2004,M,Stang,59055,+63 748 190 0379,acreamo7@ox.ac.uk,89
873,Jeremie,Antoney,5/29/2002,M,Eagle Crest,54847,+351 439 217 4382,jantoneyo8@nhs.uk,51
874,Julieta,Tomson,4/4/2000,F,Delladonna,21319,+86 414 162 6255,jtomsono9@businesswire.com,1
875,Francyne,Clooney,10/9/2002,F,Lukken,94193,+218 442 322 9931,fclooneyoa@ed.gov,42
876,Ezri,Gersam,1/18/2004,M,Superior,26451,+62 826 598 8149,egersamob@wikispaces.com,3
877,Staford,Wardall,5/23/2004,M,Lillian,35458,+63 335 831 3978,swardalloc@google.co.uk,66
878,Brittany,Lickorish,12/18/2005,F,Carey,20855,+33 341 402 7823,blickorishod@nationalgeographic.com,27
879,Pauly,Manueli,10/27/2001,F,Doe Crossing,50369,+58 363 973 2443,pmanuelioe@angelfire.com,89
880,Olvan,Govier,8/4/2005,M,Hallows,95698,+1 570 543 1342,ogovierof@virginia.edu,85
881,Tulley,Currum,2/1/2002,M,Kennedy,59230,+46 653 270 0277,tcurrumog@mozilla.org,14
882,Anett,Braidford,4/20/2003,F,Helena,14914,+974 159 593 0208,abraidfordoh@squarespace.com,70
883,Micki,Buye,10/9/2001,F,Golf,42282,+57 108 502 2355,mbuyeoi@rakuten.co.jp,56
884,Janet,Yakebovitch,11/15/2002,F,Rowland,82294,+389 715 850 7645,jyakebovitchoj@storify.com,77
885,Tim,Motte,1/24/2005,M,Fisk,59221,+86 888 417 1013,tmotteok@youtu.be,78
886,Ida,McColgan,1/30/2001,F,Everett,68003,+976 408 338 9935,imccolganol@moonfruit.com,35
887,Dennet,Sneath,5/26/2004,M,Sachtjen,17936,+212 109 889 8816,dsneathom@wordpress.com,49
888,Luise,Ranfield,12/3/2005,F,Heath,53743,+63 685 862 8738,lranfieldon@msn.com,64
889,Albertine,Kennagh,6/9/2003,F,Kinsman,17205,+254 737 422 9569,akennaghoo@facebook.com,60
890,Monro,Moyers,7/29/1999,M,Prairieview,52992,+86 883 449 3650,mmoyersop@toplist.cz,77
891,Lily,Laux,3/4/2000,F,Holy Cross,80256,+62 304 793 5536,llauxoq@topsy.com,9
892,Tamqrah,Rulten,4/9/2003,F,Kings,88586,+27 491 768 9459,trultenor@friendfeed.com,72
893,Ediva,Starkings,9/22/2005,F,Fuller,58047,+86 409 678 3420,estarkingsos@cmu.edu,69
894,Ulick,Farquharson,12/18/2002,M,Transport,75014,+55 566 544 7965,ufarquharsonot@xrea.com,19
895,Cecil,Pietzner,11/18/2001,M,Blaine,94950,+7 647 470 0580,cpietznerou@princeton.edu,70
896,Ansel,Topper,5/3/1999,M,High Crossing,61090,+7 807 525 6226,atopperov@admin.ch,59
897,Cheryl,Gaskal,10/28/1999,F,Farmco,92493,+55 300 910 1649,cgaskalow@ebay.co.uk,68
898,Everett,Masdin,8/18/2004,M,Lakeland,80879,+86 413 864 9190,emasdinox@yolasite.com,25
899,Dugald,Hambridge,7/25/2001,M,Fieldstone,87324,+81 912 139 6796,dhambridgeoy@pcworld.com,28
900,Nappie,Shorthill,2/25/2001,M,Grim,58195,+63 149 357 6942,nshorthilloz@fastcompany.com,11
901,Monte,Sabbins,3/19/2003,M,Stang,28100,+62 745 712 8823,msabbinsp0@bizjournals.com,53
902,Donnie,McGraffin,2/20/2000,F,Texas,33830,+86 884 583 2982,dmcgraffinp1@dagondesign.com,41
903,Phineas,Davidge,10/1/2003,M,Fisk,41012,+45 629 246 6278,pdavidgep2@google.de,96
904,Rickert,OScannill,12/15/2004,M,Mifflin,19875,+27 184 661 8196,roscannillp3@theglobeandmail.com,22
905,Del,Gullefant,3/24/2004,F,Sutherland,52682,+46 313 354 9129,dgullefantp4@clickbank.net,80
906,Jannel,Matej,5/30/2005,F,Northport,49903,+46 257 670 0257,jmatejp5@naver.com,97
907,Gardner,Bleddon,2/26/1999,M,American Ash,81487,+48 419 111 0009,gbleddonp6@netlog.com,48
908,Ring,Doale,3/7/2001,M,Merry,39393,+86 197 730 7107,rdoalep7@ask.com,32
909,Tarrance,Liddon,2/10/2002,M,Bluestem,20026,+880 482 344 9531,tliddonp8@netlog.com,29
910,Reube,Peterkin,2/4/2003,M,Gateway,37163,+7 338 242 1953,rpeterkinp9@goodreads.com,42
911,Kristin,Sangwin,10/4/1999,F,Basil,25727,+386 908 104 7000,ksangwinpa@cbslocal.com,8
912,Kristina,Dickie,6/12/2004,F,Eggendart,67033,+51 415 935 9988,kdickiepb@360.cn,60
913,Culley,Carson,2/4/2000,M,Daystar,74989,+971 316 336 2661,ccarsonpc@barnesandnoble.com,9
914,Francesco,Hurich,1/9/2002,M,Burning Wood,40173,+380 572 386 8990,fhurichpd@amazon.co.jp,76
915,Kissiah,Strothers,2/17/2000,F,Schurz,43011,+63 919 108 5126,kstrotherspe@dropbox.com,41
916,Trever,Filtness,2/5/2001,M,Lakewood Gardens,13629,+55 408 217 4807,tfiltnesspf@slashdot.org,43
917,Bell,Bellis,2/7/2001,F,Tennyson,19543,+996 438 982 5783,bbellispg@vimeo.com,16
918,Ricky,Rickards,2/26/2004,M,Browning,11039,+63 858 708 6073,rrickardsph@washington.edu,70
919,Anthony,Garvey,10/17/2000,M,Emmet,83758,+55 538 414 3752,agarveypi@whitehouse.gov,14
920,Antonella,Eyckelbeck,10/16/2003,F,Menomonie,12400,+51 882 129 1520,aeyckelbeckpj@ox.ac.uk,11
921,Nick,Brimmicombe,4/15/2002,M,Thackeray,61209,+62 334 740 7698,nbrimmicombepk@ihg.com,12
922,Mariquilla,Culpen,2/22/2005,F,Gerald,85027,+86 586 181 2475,mculpenpl@howstuffworks.com,41
923,Sindee,Jessard,8/30/2005,F,Arrowood,47015,+33 191 731 2104,sjessardpm@creativecommons.org,89
924,Skipp,Ickovicz,7/18/2003,M,Dovetail,38120,+55 270 402 8251,sickoviczpn@java.com,5
925,Abran,Barthropp,2/9/2004,M,Nevada,48173,+86 667 223 3133,abarthropppo@merriam-webster.com,16
926,Quintin,Ayllett,6/15/2000,M,Sunnyside,10171,+62 619 287 1934,qayllettpp@illinois.edu,27
927,Tommy,Kenaway,11/6/1999,M,Lien,74220,+62 893 290 1724,tkenawaypq@patch.com,27
928,Katrine,Byres,9/3/2000,F,Glendale,19752,+86 882 679 4675,kbyrespr@dot.gov,79
929,Devonna,Aysik,1/10/2002,F,Meadow Valley,11381,+62 991 525 3229,daysikps@icq.com,27
930,Starr,Davage,10/10/2000,F,Bartillon,67326,+970 875 227 1258,sdavagept@goo.ne.jp,64
931,Marina,Quakley,8/28/2005,F,Gina,97698,+62 637 268 1894,mquakleypu@g.co,66
932,Dari,McTiernan,3/19/2005,F,Jenna,72160,+1 672 188 5607,dmctiernanpv@barnesandnoble.com,24
933,Osborn,Kubicka,6/26/2001,M,Bowman,58046,+86 604 749 4169,okubickapw@friendfeed.com,44
934,Randy,Hiers,9/19/1999,F,Schlimgen,59041,+7 160 716 1728,rhierspx@state.gov,64
935,Cob,Cuttelar,5/28/2004,M,Darwin,95267,+380 142 361 1385,ccuttelarpy@dot.gov,82
936,Chrissie,Tremoulet,9/3/2002,M,Bunker Hill,45259,+48 832 176 0813,ctremouletpz@jugem.jp,3
937,Baldwin,Pennone,6/24/2005,M,Marquette,65306,+66 229 740 7843,bpennoneq0@php.net,54
938,Bertram,Gurge,10/11/2005,M,Sauthoff,65206,+86 193 598 9878,bgurgeq1@lycos.com,70
939,Chane,Murney,6/29/2004,M,Porter,63571,+86 708 712 8209,cmurneyq2@wisc.edu,85
940,Bard,Woodhall,1/31/2003,M,Jackson,44922,+62 546 878 1952,bwoodhallq3@cdc.gov,21
941,Grady,Trim,2/21/1999,M,Roxbury,10821,+86 574 734 0027,gtrimq4@mail.ru,93
942,Tyler,Lince,9/8/2004,M,Vidon,55408,+351 375 646 5038,tlinceq5@constantcontact.com,63
943,Lorri,Brassington,6/30/2001,F,Service,23526,+48 385 168 7073,lbrassingtonq6@seattletimes.com,45
944,Iggie,Loakes,5/20/1999,M,Brown,37480,+62 693 995 5559,iloakesq7@jalbum.net,23
945,Mortie,Grigorey,4/15/2002,M,Gateway,32930,+216 936 589 6410,mgrigoreyq8@1688.com,74
946,Finn,Cayet,10/10/2001,M,Dovetail,72445,+380 225 834 1174,fcayetq9@pinterest.com,65
947,Sherlocke,McGiffie,9/29/2003,M,Blackbird,82376,+7 621 242 7852,smcgiffieqa@utexas.edu,59
948,Georgianne,Hawksby,12/3/2004,F,Donald,79708,+7 826 918 0916,ghawksbyqb@twitpic.com,24
949,Isobel,Morant,6/15/1999,F,Lakewood Gardens,91413,+86 414 402 2072,imorantqc@sun.com,73
950,Corrinne,Sotheby,2/28/1999,F,Vernon,24494,+967 212 366 7788,csothebyqd@theguardian.com,36
951,Pearl,Naughton,1/4/2002,F,Grover,92471,+33 247 361 5376,pnaughtonqe@dagondesign.com,80
952,Clareta,Stanger,12/9/1999,F,Anzinger,57584,+46 115 958 8744,cstangerqf@goo.ne.jp,15
953,Ashlan,Gilgryst,7/3/2003,F,Old Shore,23481,+33 471 333 3406,agilgrystqg@un.org,60
954,Reggis,Rings,4/29/2004,M,Northland,65709,+595 856 532 3203,rringsqh@soup.io,100
955,Moritz,Mighele,11/29/2005,M,Northfield,55753,+57 802 514 7295,mmigheleqi@netlog.com,55
956,Jere,Bellefonte,7/5/1999,F,Heffernan,56124,+48 502 218 1502,jbellefonteqj@craigslist.org,74
957,Max,Relfe,2/26/2001,M,Lillian,19192,+62 950 511 1716,mrelfeqk@oakley.com,66
958,Chadwick,Newlands,10/2/2005,M,Dorton,77289,+62 530 413 6880,cnewlandsql@yellowbook.com,37
959,Eveleen,Hanmore,2/21/2002,F,Spenser,75754,+49 748 364 5706,ehanmoreqm@tuttocitta.it,73
960,Pennie,Zambon,1/17/2000,F,4th,50383,+62 331 653 4847,pzambonqn@desdev.cn,80
961,Cody,Shutte,10/14/2005,M,Sloan,85627,+63 149 697 0385,cshutteqo@addthis.com,66
962,Farlie,Blamire,7/7/2005,M,Westridge,58557,+86 140 251 9941,fblamireqp@ning.com,36
963,Abba,Snelman,9/14/2002,M,Village,57812,+1 293 187 0347,asnelmanqq@umn.edu,44
964,Sallyann,Perassi,9/28/1999,F,Vernon,42317,+86 951 865 7509,sperassiqr@yellowpages.com,53
965,Nathanial,Broadfield,4/26/1999,M,Havey,69882,+62 630 733 7553,nbroadfieldqs@whitehouse.gov,37
966,Jehu,Woolgar,3/23/2001,M,Fair Oaks,82421,+54 162 604 3340,jwoolgarqt@apple.com,61
967,Adel,Yurivtsev,9/24/2005,F,Iowa,41129,+46 978 211 6225,ayurivtsevqu@e-recht24.de,71
968,Johnath,Manclark,3/24/2004,F,Barnett,67838,+51 420 701 5162,jmanclarkqv@webeden.co.uk,47
969,Jo-ann,Windaybank,2/12/2000,F,Northview,75382,+223 599 562 2367,jwindaybankqw@gnu.org,34
970,Franklyn,Brozsset,6/13/2002,M,Loomis,13486,+351 202 391 9040,fbrozssetqx@lulu.com,64
971,Maddie,Ahrenius,2/18/2000,F,Badeau,26096,+62 439 339 5688,mahreniusqy@nih.gov,47
972,Isaiah,Wharrier,6/24/2004,M,Becker,46222,+55 679 330 7458,iwharrierqz@soundcloud.com,17
973,Mordecai,Bartelet,12/28/2004,M,Northridge,59312,+33 470 463 0119,mbarteletr0@cocolog-nifty.com,53
974,Beverlie,Killshaw,11/3/2000,F,Little Fleur,34446,+51 658 101 5117,bkillshawr1@blogs.com,63
975,Doe,Harbron,4/19/2004,F,Jenifer,95702,+86 785 747 7867,dharbronr2@amazon.com,76
976,Brod,Cumesky,1/12/2005,M,Bay,33502,+64 996 510 8815,bcumeskyr3@macromedia.com,49
977,Ruddie,Gaitung,12/31/2001,M,Pine View,39779,+63 254 565 9686,rgaitungr4@drupal.org,100
978,Artemis,Gimblett,6/9/2003,M,Cherokee,58426,+63 815 822 0624,agimblettr5@alexa.com,68
979,Shanon,Frere,11/21/2004,F,Springs,18648,+385 329 116 7400,sfrerer6@phpbb.com,96
980,Kathlin,Buckel,8/19/2001,F,Monica,94508,+382 405 859 4703,kbuckelr7@wikipedia.org,51
981,Alfie,Waistell,12/13/2005,F,Prentice,22991,+7 506 867 7790,awaistellr8@jigsy.com,66
982,Rahel,Chown,11/28/1999,F,Anzinger,28048,+86 300 822 8556,rchownr9@china.com.cn,45
983,Rod,Groger,5/27/1999,M,Bunting,18171,+62 622 469 4881,rgrogerra@homestead.com,85
984,Halley,Branigan,2/11/2000,F,Birchwood,92847,+55 780 290 0922,hbraniganrb@fema.gov,65
985,Chevy,McCrystal,8/27/2000,M,Dunning,37293,+33 348 317 1004,cmccrystalrc@stanford.edu,1
986,Hailey,Cowup,5/27/2003,M,Gerald,52708,+1 971 441 6314,hcowuprd@github.io,26
987,Jessy,Sillwood,5/24/2002,F,Dexter,21182,+86 711 834 2030,jsillwoodre@fema.gov,39
988,Rosalie,Legges,3/27/2004,F,Springs,56635,+255 223 854 0468,rleggesrf@umich.edu,92
989,Annecorinne,De Ortega,10/31/2000,F,Ridge Oak,41131,+81 715 563 1275,adeortegarg@typepad.com,65
990,Boony,Westmacott,4/16/2001,M,1st,27142,+62 338 141 0999,bwestmacottrh@prweb.com,75
991,Una,Turpie,4/20/2004,F,Service,23748,+381 116 819 9437,uturpieri@cbsnews.com,81
992,Elva,Brumen,9/27/2000,F,West,69458,+55 780 139 8919,ebrumenrj@bandcamp.com,96
993,Donetta,Kirman,1/20/1999,F,Moose,65933,+1 502 706 9104,dkirmanrk@businesswire.com,60
994,Kilian,MacAllester,3/27/2004,M,Rutledge,96321,+47 299 294 0883,kmacallesterrl@paypal.com,14
995,Steven,Velti,6/6/2004,M,Loeprich,73240,+62 634 324 8963,sveltirm@about.com,46
996,Danell,Dunstone,2/12/2004,F,Eagle Crest,73480,+598 150 151 5942,ddunstonern@example.com,58
997,Enrique,Flipek,1/20/2001,M,Stuart,83842,+86 544 350 0503,eflipekro@devhub.com,16
998,Abdel,Clemas,12/18/2002,M,Bay,73346,+86 870 500 0342,aclemasrp@google.com.au,94
999,Sheena,Paul,4/15/2002,F,Ridgeview,73733,+86 109 929 7205,spaulrq@ihg.com,98
1000,Milly,Beckers,9/28/2005,F,Southridge,65484,+62 800 572 8321,mbeckersrr@elpais.com,79
